instance,set,n_customers,seed,cost,optimal,gap,n_routes,k_reference,init_cost,init_gap,iterations,runtime,time_to_best,iter_to_best,time_limit,stop_reason
E-n13-k4,E,12,1,247,247.0,0.0,4,4,256,3.6437246963562755,30042,4.681213208008558,0.005116833024658263,42,15.0,stall_limit
E-n13-k4,E,12,2,247,247.0,0.0,4,4,251,1.6194331983805668,30077,4.856842249981128,0.011489541968330741,77,15.0,stall_limit
E-n13-k4,E,12,3,247,247.0,0.0,4,4,257,4.048582995951417,30058,4.862424458027817,0.0123103330261074,58,15.0,stall_limit
E-n13-k4,E,12,4,247,247.0,0.0,4,4,251,1.6194331983805668,30031,4.977925375045743,0.004086458007805049,31,15.0,stall_limit
E-n13-k4,E,12,5,247,247.0,0.0,4,4,257,4.048582995951417,30001,4.748911916976795,0.0004446249804459512,1,15.0,stall_limit
E-n22-k4,E,21,1,375,375.0,0.0,4,4,383,2.1333333333333333,30007,7.879656374978367,0.0020097499946132302,7,15.0,stall_limit
E-n22-k4,E,21,2,375,375.0,0.0,4,4,396,5.6,30094,8.153766708972398,0.029462417005561292,94,15.0,stall_limit
E-n22-k4,E,21,3,375,375.0,0.0,4,4,383,2.1333333333333333,30003,7.99246854201192,0.0009987500379793346,3,15.0,stall_limit
E-n22-k4,E,21,4,375,375.0,0.0,4,4,383,2.1333333333333333,30026,8.058559208991937,0.0053515839972533286,26,15.0,stall_limit
E-n22-k4,E,21,5,375,375.0,0.0,4,4,375,0.0,30000,8.002769500017166,0.0,0,15.0,stall_limit
E-n23-k3,E,22,1,569,569.0,0.0,3,3,570,0.1757469244288225,30001,12.529954707948491,0.001326874946244061,1,15.0,stall_limit
E-n23-k3,E,22,2,569,569.0,0.0,3,3,569,0.0,30000,12.601196457981132,0.0,0,15.0,stall_limit
E-n23-k3,E,22,3,569,569.0,0.0,3,3,570,0.1757469244288225,30039,12.760068749950733,0.01678258297033608,39,15.0,stall_limit
E-n23-k3,E,22,4,569,569.0,0.0,3,3,569,0.0,30000,12.517898625053931,0.0,0,15.0,stall_limit
E-n23-k3,E,22,5,569,569.0,0.0,3,3,569,0.0,30000,12.721541041973978,0.0,0,15.0,stall_limit
E-n30-k3,E,29,1,534,534.0,0.0,3,3,563,5.430711610486892,30416,14.936427709006239,0.18366412504110485,416,15.0,stall_limit
E-n30-k3,E,29,2,534,534.0,0.0,3,3,550,2.9962546816479403,30034,14.271380541962571,0.022718041960615665,34,15.0,stall_limit
E-n30-k3,E,29,3,534,534.0,0.0,3,3,539,0.9363295880149812,30171,14.86729170801118,0.07572687498759478,171,15.0,stall_limit
E-n30-k3,E,29,4,534,534.0,0.0,3,3,574,7.49063670411985,30831,15.000478542002384,0.622183249972295,1545,15.0,time_limit
E-n30-k3,E,29,5,534,534.0,0.0,3,3,568,6.367041198501872,30041,14.578660459024832,0.022226666973438114,41,15.0,stall_limit
E-n31-k7,E,30,1,379,379.0,0.0,7,7,503,32.71767810026385,30910,12.008687500027008,0.3749317090259865,910,15.0,stall_limit
E-n31-k7,E,30,2,379,379.0,0.0,7,7,565,49.07651715039578,31276,12.09597995801596,0.5053317910060287,1276,15.0,stall_limit
E-n31-k7,E,30,3,379,379.0,0.0,7,7,583,53.82585751978892,34228,12.982821084035095,1.564505917020142,4228,15.0,stall_limit
E-n31-k7,E,30,4,379,379.0,0.0,7,7,556,46.70184696569921,36368,13.96545266697649,2.348853625007905,6368,15.0,stall_limit
E-n31-k7,E,30,5,379,379.0,0.0,7,7,573,51.187335092348285,36229,14.087529542041011,2.3033504170016386,6229,15.0,stall_limit
E-n33-k4,E,32,1,835,835.0,0.0,4,4,868,3.9520958083832336,30267,14.866705624968745,0.17033891699975356,267,15.0,stall_limit
E-n33-k4,E,32,2,835,835.0,0.0,4,4,895,7.18562874251497,30029,14.824342084000818,0.013950625027064234,29,15.0,stall_limit
E-n33-k4,E,32,3,835,835.0,0.0,4,4,866,3.712574850299401,30451,14.794276874978095,0.21494308300316334,451,15.0,stall_limit
E-n33-k4,E,32,4,835,835.0,0.0,4,4,856,2.5149700598802394,30284,14.733680707984604,0.14384279202204198,284,15.0,stall_limit
E-n33-k4,E,32,5,835,835.0,0.0,4,4,867,3.8323353293413174,30106,14.81706904200837,0.04844729200704023,106,15.0,stall_limit
E-n51-k5,E,50,1,521,521.0,0.0,5,5,578,10.940499040307103,19817,15.000794207968283,0.10608829197008163,135,15.0,time_limit
E-n51-k5,E,50,2,521,521.0,0.0,5,5,570,9.404990403071018,19790,15.000320833001751,0.28392925002845004,384,15.0,time_limit
E-n51-k5,E,50,3,521,521.0,0.0,5,5,545,4.606525911708253,20227,15.000022167048883,0.8301755420397967,1046,15.0,time_limit
E-n51-k5,E,50,4,521,521.0,0.0,5,5,583,11.900191938579654,20292,15.00135695800418,0.3142733330023475,481,15.0,time_limit
E-n51-k5,E,50,5,521,521.0,0.0,5,5,564,8.253358925143955,20281,15.000284250010736,0.1729774579871446,276,15.0,time_limit
E-n76-k10,E,75,1,835,830.0,0.6024096385542169,10,10,941,13.373493975903614,18538,22.502448084007483,10.692962208995596,8933,22.5,time_limit
E-n76-k10,E,75,2,831,830.0,0.12048192771084337,10,10,913,10.0,19486,22.502005833026487,8.861632250016555,7727,22.5,time_limit
E-n76-k10,E,75,3,830,830.0,0.0,10,10,880,6.024096385542169,19217,22.50048191600945,8.256076875026338,7193,22.5,time_limit
E-n76-k10,E,75,4,835,830.0,0.6024096385542169,10,10,886,6.746987951807229,18684,22.500045708031394,9.286093166039791,7813,22.5,time_limit
E-n76-k10,E,75,5,835,830.0,0.6024096385542169,10,10,947,14.096385542168674,18671,22.503906500001904,11.470590708020609,9799,22.5,time_limit
E-n76-k14,E,75,1,1022,1021.0,0.0979431929480901,14,14,1200,17.53183153770813,22628,22.500239999964833,11.609488374961074,12747,22.5,time_limit
E-n76-k14,E,75,2,1021,1021.0,0.0,14,14,1093,7.051909892262488,22990,22.502175665984396,11.972563457966316,13338,22.5,time_limit
E-n76-k14,E,75,3,1021,1021.0,0.0,14,14,1079,5.680705190989226,22740,22.5021144169732,7.408227083971724,8351,22.5,time_limit
E-n76-k14,E,75,4,1024,1021.0,0.2938295788442703,14,14,1121,9.79431929480901,23269,22.500178915972356,11.40197804098716,12343,22.5,time_limit
E-n76-k14,E,75,5,1021,1021.0,0.0,14,14,1061,3.9177277179236043,22816,22.50044012500439,15.603212375019211,15947,22.5,time_limit
E-n76-k7,E,75,1,685,682.0,0.4398826979472141,7,7,722,5.865102639296188,16476,22.500147124985233,2.7611631249892525,1994,22.5,time_limit
E-n76-k7,E,75,2,685,682.0,0.4398826979472141,7,7,728,6.744868035190616,16355,22.50092679198133,0.6878289169981144,531,22.5,time_limit
E-n76-k7,E,75,3,682,682.0,0.0,7,7,720,5.571847507331379,16438,22.500478958012536,11.116021374997217,7782,22.5,time_limit
E-n76-k7,E,75,4,682,682.0,0.0,7,7,736,7.9178885630498534,16405,22.503395917010494,3.7109962080139667,2690,22.5,time_limit
E-n76-k7,E,75,5,682,682.0,0.0,7,7,724,6.158357771260997,16267,22.50021370901959,13.213387291994877,9376,22.5,time_limit
E-n76-k8,E,75,1,736,735.0,0.1360544217687075,8,8,766,4.217687074829932,17306,22.500075458025094,10.452041457989253,8080,22.5,time_limit
E-n76-k8,E,75,2,736,735.0,0.1360544217687075,8,8,805,9.523809523809524,17230,22.500279792002402,5.245123750006314,3827,22.5,time_limit
E-n76-k8,E,75,3,736,735.0,0.1360544217687075,8,8,790,7.482993197278912,17269,22.500868125003763,5.602876249991823,4282,22.5,time_limit
E-n76-k8,E,75,4,735,735.0,0.0,8,8,778,5.850340136054422,17469,22.501573624962475,14.791621333977673,11697,22.5,time_limit
E-n76-k8,E,75,5,736,735.0,0.1360544217687075,8,8,789,7.346938775510204,17520,22.501724208006635,9.174535666010343,7504,22.5,time_limit
E-n101-k14,E,100,1,1078,1067.0,1.0309278350515463,14,14,1130,5.904404873477039,14117,30.00018375000218,24.438855749962386,11675,30.0,time_limit
E-n101-k14,E,100,2,1067,1067.0,0.0,14,14,1128,5.716963448922212,14392,30.002227791992482,20.48395162500674,10439,30.0,time_limit
E-n101-k14,E,100,3,1067,1067.0,0.0,14,14,1132,6.091846298031865,14421,30.005889750027563,20.23805074999109,10173,30.0,time_limit
E-n101-k14,E,100,4,1067,1067.0,0.0,14,14,1164,9.090909090909092,14430,30.004567875002977,21.507681249990128,10734,30.0,time_limit
E-n101-k14,E,100,5,1078,1067.0,1.0309278350515463,14,14,1130,5.904404873477039,13991,30.001412166981027,12.661037374986336,6514,30.0,time_limit
E-n101-k8,E,100,1,817,815.0,0.24539877300613497,8,8,870,6.748466257668712,13719,30.00652308401186,0.694302375020925,313,30.0,time_limit
E-n101-k8,E,100,2,818,815.0,0.36809815950920244,8,8,893,9.570552147239264,13552,30.001477624988183,8.967806125001516,4339,30.0,time_limit
E-n101-k8,E,100,3,817,815.0,0.24539877300613497,8,8,907,11.28834355828221,13469,30.000492207997013,23.415232500003185,10763,30.0,time_limit
E-n101-k8,E,100,4,818,815.0,0.36809815950920244,8,8,900,10.429447852760736,13453,30.000124625046737,11.568247165996581,5481,30.0,time_limit
E-n101-k8,E,100,5,817,815.0,0.24539877300613497,8,8,901,10.552147239263803,13551,30.001706540992018,13.583546124980785,6667,30.0,time_limit
F-n45-k4,F,44,1,724,724.0,0.0,4,4,755,4.281767955801105,23410,15.00154216698138,0.057912083982955664,120,15.0,time_limit
F-n45-k4,F,44,2,724,724.0,0.0,4,4,737,1.7955801104972375,22900,15.000365250045434,0.24601983302272856,430,15.0,time_limit
F-n45-k4,F,44,3,724,724.0,0.0,4,4,745,2.9005524861878453,23611,15.000136667047627,0.09152608399745077,107,15.0,time_limit
F-n45-k4,F,44,4,724,724.0,0.0,4,4,729,0.6906077348066298,24053,15.00155187502969,0.3266913340194151,468,15.0,time_limit
F-n45-k4,F,44,5,724,724.0,0.0,4,4,730,0.8287292817679558,23524,15.000687916006427,0.042224165983498096,64,15.0,time_limit
F-n72-k4,F,71,1,237,237.0,0.0,4,4,258,8.860759493670885,19106,21.30054279102478,0.3866957910358906,322,21.3,time_limit
F-n72-k4,F,71,2,237,237.0,0.0,4,4,268,13.080168776371307,19575,21.301201042020693,0.24610266700619832,236,21.3,time_limit
F-n72-k4,F,71,3,237,237.0,0.0,4,4,271,14.345991561181435,19110,21.301837124978192,0.07395283394725993,71,21.3,time_limit
F-n72-k4,F,71,4,237,237.0,0.0,4,4,275,16.033755274261605,19285,21.300090125005227,0.055059999984223396,55,21.3,time_limit
F-n72-k4,F,71,5,237,237.0,0.0,4,4,275,16.033755274261605,19220,21.30407054204261,0.13569370901677758,114,21.3,time_limit
F-n135-k7,F,134,1,1162,1162.0,0.0,7,7,1210,4.130808950086059,13950,40.20381937496131,25.477195416984614,8701,40.199999999999996,time_limit
F-n135-k7,F,134,2,1162,1162.0,0.0,7,7,1207,3.87263339070568,13815,40.20085229200777,23.430263666959945,7773,40.199999999999996,time_limit
F-n135-k7,F,134,3,1162,1162.0,0.0,7,7,1174,1.0327022375215147,13840,40.20201620797161,22.48947945801774,7460,40.199999999999996,time_limit
F-n135-k7,F,134,4,1162,1162.0,0.0,7,7,1189,2.323580034423408,13666,40.20086691703182,27.425000584044028,9075,40.199999999999996,time_limit
F-n135-k7,F,134,5,1165,1162.0,0.25817555938037867,7,7,1198,3.098106712564544,13559,40.20236983400537,30.225198000029195,10161,40.199999999999996,time_limit
M-n101-k10,M,100,1,820,820.0,0.0,10,10,820,0.0,15938,30.00026058300864,0.0,0,30.0,time_limit
M-n101-k10,M,100,2,820,820.0,0.0,10,10,828,0.975609756097561,15827,30.00074812496314,3.1925782919861376,1739,30.0,time_limit
M-n101-k10,M,100,3,820,820.0,0.0,10,10,828,0.975609756097561,16018,30.00230079202447,5.014312707993668,2822,30.0,time_limit
M-n101-k10,M,100,4,820,820.0,0.0,10,10,820,0.0,15921,30.00441591697745,0.0,0,30.0,time_limit
M-n101-k10,M,100,5,820,820.0,0.0,10,10,827,0.8536585365853658,15569,30.0036912499927,10.10772958403686,5418,30.0,time_limit
M-n121-k7,M,120,1,1036,1034.0,0.19342359767891681,7,7,1039,0.4835589941972921,13906,36.0006691669696,7.275781499978621,2885,36.0,time_limit
M-n121-k7,M,120,2,1035,1034.0,0.09671179883945841,7,7,1051,1.644100580270793,14078,36.001381457957905,4.267597917001694,1635,36.0,time_limit
M-n121-k7,M,120,3,1036,1034.0,0.19342359767891681,7,7,1049,1.4506769825918762,13894,36.004274459031876,2.3695601249928586,955,36.0,time_limit
M-n121-k7,M,120,4,1035,1034.0,0.09671179883945841,7,7,1047,1.2572533849129595,13726,36.005295582988765,31.138337999989744,12017,36.0,time_limit
M-n121-k7,M,120,5,1035,1034.0,0.09671179883945841,7,7,1043,0.8704061895551257,13682,36.00627725000959,34.13548841699958,12936,36.0,time_limit
M-n151-k12,M,150,1,1022,1015.0,0.6896551724137931,12,12,1085,6.896551724137931,14529,45.01131087500835,37.36595079099061,12252,45.0,time_limit
M-n151-k12,M,150,2,1021,1015.0,0.5911330049261084,12,12,1131,11.428571428571429,14399,45.009461709007155,44.64308654202614,14294,45.0,time_limit
M-n151-k12,M,150,3,1023,1015.0,0.7881773399014779,12,12,1134,11.724137931034482,14103,45.009542042040266,29.21323554200353,9605,45.0,time_limit
M-n151-k12,M,150,4,1024,1015.0,0.8866995073891626,12,12,1134,11.724137931034482,14303,45.01323412498459,28.520339542010333,9521,45.0,time_limit
M-n151-k12,M,150,5,1021,1015.0,0.5911330049261084,12,12,1162,14.482758620689655,14481,45.00361554202391,29.49128570803441,9851,45.0,time_limit
M-n200-k16,M,199,1,1293,1274.0,1.4913657770800628,16,16,1343,5.416012558869702,17921,59.7104354579933,56.23568633297691,17040,59.699999999999996,time_limit
M-n200-k16,M,199,2,1321,1274.0,3.6891679748822606,16,16,1343,5.416012558869702,18135,59.702312499983236,51.44289991701953,16272,59.699999999999996,time_limit
M-n200-k16,M,199,3,1323,1274.0,3.8461538461538463,16,16,1549,21.585557299843014,18791,59.70090333302505,49.938285167037975,16356,59.699999999999996,time_limit
M-n200-k16,M,199,4,1322,1274.0,3.767660910518053,16,16,1560,22.448979591836736,18802,59.70093333296245,58.79421912500402,18594,59.699999999999996,time_limit
M-n200-k16,M,199,5,1306,1274.0,2.511773940345369,16,16,1604,25.90266875981162,18499,59.700851666973904,58.46335158398142,18107,59.699999999999996,time_limit
M-n200-k17,M,199,1,1296,1275.0,1.6470588235294117,17,17,1410,10.588235294117647,16105,59.70746962499106,55.355285083991475,15155,59.699999999999996,time_limit
M-n200-k17,M,199,2,1279,1275.0,0.3137254901960784,17,17,1429,12.07843137254902,15998,59.70646974997362,48.34164483298082,13238,59.699999999999996,time_limit
M-n200-k17,M,199,3,1280,1275.0,0.39215686274509803,17,17,1370,7.450980392156863,15654,59.70254354097415,46.32417783298297,12748,59.699999999999996,time_limit
M-n200-k17,M,199,4,1297,1275.0,1.7254901960784315,17,17,1397,9.568627450980392,15473,59.70565824996447,53.041627749975305,13884,59.699999999999996,time_limit
M-n200-k17,M,199,5,1291,1275.0,1.2549019607843137,17,17,1404,10.117647058823529,15715,59.70049137499882,48.52271400002064,13300,59.699999999999996,time_limit
P-n16-k8,P,15,1,450,450.0,0.0,8,8,450,0.0,30000,3.7817603329895064,0.0,0,15.0,stall_limit
P-n16-k8,P,15,2,450,450.0,0.0,8,8,450,0.0,30000,3.858619083999656,0.0,0,15.0,stall_limit
P-n16-k8,P,15,3,450,450.0,0.0,8,8,461,2.4444444444444446,30008,3.774507416994311,0.0010937920305877924,8,15.0,stall_limit
P-n16-k8,P,15,4,450,450.0,0.0,8,8,461,2.4444444444444446,30012,3.8557365420274436,0.0014999170089140534,12,15.0,stall_limit
P-n16-k8,P,15,5,450,450.0,0.0,8,8,461,2.4444444444444446,30002,3.753354042011779,0.00039549998473376036,2,15.0,stall_limit
P-n19-k2,P,18,1,212,212.0,0.0,2,2,234,10.377358490566039,30235,7.023343167034909,0.0369069580337964,235,15.0,stall_limit
P-n19-k2,P,18,2,212,212.0,0.0,2,2,234,10.377358490566039,30036,7.255799875012599,0.009026084037031978,36,15.0,stall_limit
P-n19-k2,P,18,3,212,212.0,0.0,2,2,218,2.830188679245283,30009,7.304719375038985,0.0016742080333642662,9,15.0,stall_limit
P-n19-k2,P,18,4,212,212.0,0.0,2,2,234,10.377358490566039,30076,7.327021624951158,0.018094582948833704,76,15.0,stall_limit
P-n19-k2,P,18,5,212,212.0,0.0,2,2,219,3.30188679245283,30060,7.634054875001311,0.01667908299714327,60,15.0,stall_limit
P-n20-k2,P,19,1,216,216.0,0.0,2,2,234,8.333333333333334,30049,8.312304749968462,0.014186332991812378,49,15.0,stall_limit
P-n20-k2,P,19,2,216,216.0,0.0,2,2,222,2.7777777777777777,30062,8.22475904104067,0.010509208019357175,62,15.0,stall_limit
P-n20-k2,P,19,3,216,216.0,0.0,2,2,217,0.46296296296296297,30005,8.583336874959059,0.0028304169536568224,5,15.0,stall_limit
P-n20-k2,P,19,4,216,216.0,0.0,2,2,234,8.333333333333334,30067,8.467051167041063,0.02364654204575345,67,15.0,stall_limit
P-n20-k2,P,19,5,216,216.0,0.0,2,2,234,8.333333333333334,30008,8.842301708005834,0.0016974160098470747,8,15.0,stall_limit
P-n21-k2,P,20,1,211,211.0,0.0,2,2,236,11.848341232227488,30004,10.58649916696595,0.002634874952491373,4,15.0,stall_limit
P-n21-k2,P,20,2,211,211.0,0.0,2,2,236,11.848341232227488,30003,10.478548749990296,0.004028791969176382,3,15.0,stall_limit
P-n21-k2,P,20,3,211,211.0,0.0,2,2,222,5.213270142180095,30011,10.296479292039294,0.0030706250108778477,11,15.0,stall_limit
P-n21-k2,P,20,4,211,211.0,0.0,2,2,236,11.848341232227488,30009,10.051091374945827,0.006098416983149946,9,15.0,stall_limit
P-n21-k2,P,20,5,211,211.0,0.0,2,2,236,11.848341232227488,30011,9.933989499986637,0.004842832975555211,11,15.0,stall_limit
P-n22-k2,P,21,1,216,216.0,0.0,2,2,223,3.240740740740741,30006,9.663770291022956,0.0016312079969793558,6,15.0,stall_limit
P-n22-k2,P,21,2,216,216.0,0.0,2,2,240,11.11111111111111,30013,9.702273167029489,0.00791291700443253,13,15.0,stall_limit
P-n22-k2,P,21,3,216,216.0,0.0,2,2,224,3.7037037037037037,30013,9.660419874999207,0.007143458002246916,13,15.0,stall_limit
P-n22-k2,P,21,4,216,216.0,0.0,2,2,229,6.018518518518518,30007,9.32207966700662,0.0019294170197099447,7,15.0,stall_limit
P-n22-k2,P,21,5,216,216.0,0.0,2,2,229,6.018518518518518,30007,9.225744458963163,0.002384458959568292,7,15.0,stall_limit
P-n22-k8,P,21,1,603,603.0,0.0,8,8,603,0.0,30000,5.565674624987878,0.0,0,15.0,stall_limit
P-n22-k8,P,21,2,603,603.0,0.0,8,8,686,13.764510779436153,30018,5.703615916019771,0.0072000829968601465,18,15.0,stall_limit
P-n22-k8,P,21,3,603,603.0,0.0,8,8,603,0.0,30000,5.429072749975603,0.0,0,15.0,stall_limit
P-n22-k8,P,21,4,603,603.0,0.0,8,8,691,14.593698175787727,30104,5.7117289589950815,0.021679041965398937,104,15.0,stall_limit
P-n22-k8,P,21,5,603,603.0,0.0,8,8,603,0.0,30000,5.698943125025835,0.0,0,15.0,stall_limit
P-n23-k8,P,22,1,529,529.0,0.0,8,8,533,0.7561436672967864,30037,3.9904929170152172,0.008337042003404349,37,15.0,stall_limit
P-n23-k8,P,22,2,529,529.0,0.0,8,8,533,0.7561436672967864,30060,3.9096502080210485,0.007157624990213662,60,15.0,stall_limit
P-n23-k8,P,22,3,529,529.0,0.0,8,8,529,0.0,30000,4.10047087498242,0.0,0,15.0,stall_limit
P-n23-k8,P,22,4,529,529.0,0.0,8,8,533,0.7561436672967864,30060,4.190970416995697,0.010975666984450072,60,15.0,stall_limit
P-n23-k8,P,22,5,529,529.0,0.0,8,8,529,0.0,30000,4.032322374987416,0.0,0,15.0,stall_limit
P-n40-k5,P,39,1,458,458.0,0.0,5,5,503,9.825327510917031,25865,15.007361083989963,0.02236516698030755,43,15.0,time_limit
P-n40-k5,P,39,2,458,458.0,0.0,5,5,499,8.951965065502183,25544,15.1651258750353,0.02452191704651341,37,15.0,time_limit
P-n40-k5,P,39,3,458,458.0,0.0,5,5,499,8.951965065502183,25062,15.000110124994535,0.042342707980424166,73,15.0,time_limit
P-n40-k5,P,39,4,458,458.0,0.0,5,5,505,10.262008733624453,25122,15.000327290967107,0.02576091600349173,37,15.0,time_limit
P-n40-k5,P,39,5,458,458.0,0.0,5,5,484,5.676855895196507,24867,15.000018417020328,0.04084395803511143,63,15.0,time_limit
P-n45-k5,P,44,1,510,510.0,0.0,5,5,556,9.019607843137255,22931,15.00187300000107,0.10780883301049471,191,15.0,time_limit
P-n45-k5,P,44,2,510,510.0,0.0,5,5,560,9.803921568627452,22380,15.001698917010799,0.3662122920504771,623,15.0,time_limit
P-n45-k5,P,44,3,510,510.0,0.0,5,5,561,10.0,22290,15.001149207993876,0.01992870803223923,32,15.0,time_limit
P-n45-k5,P,44,4,510,510.0,0.0,5,5,525,2.9411764705882355,22171,15.00198379199719,0.061956999998074025,85,15.0,time_limit
P-n45-k5,P,44,5,510,510.0,0.0,5,5,523,2.549019607843137,21769,15.00046074995771,0.027216958987992257,58,15.0,time_limit
P-n50-k10,P,49,1,697,696.0,0.14367816091954022,10,10,742,6.609195402298851,24967,15.000384167011362,1.7816275419900194,1553,15.0,time_limit
P-n50-k10,P,49,2,697,696.0,0.14367816091954022,10,10,728,4.597701149425287,25871,15.000254916027188,6.216978041047696,9471,15.0,time_limit
P-n50-k10,P,49,3,697,696.0,0.14367816091954022,10,10,714,2.586206896551724,26102,15.00018758297665,5.450886707985774,8295,15.0,time_limit
P-n50-k10,P,49,4,696,696.0,0.0,10,10,739,6.17816091954023,26367,15.00061479100259,8.636374166002497,14785,15.0,time_limit
P-n50-k10,P,49,5,697,696.0,0.14367816091954022,10,10,710,2.0114942528735633,26287,15.000156082969625,4.3954692499828525,6718,15.0,time_limit
P-n50-k7,P,49,1,554,554.0,0.0,7,7,591,6.67870036101083,21818,15.000932624971028,0.4225121669587679,414,15.0,time_limit
P-n50-k7,P,49,2,554,554.0,0.0,7,7,592,6.859205776173285,21599,15.000016874982975,0.27662124997004867,289,15.0,time_limit
P-n50-k7,P,49,3,554,554.0,0.0,7,7,574,3.6101083032490973,21302,15.000098458025604,1.2747234160196967,1450,15.0,time_limit
P-n50-k7,P,49,4,554,554.0,0.0,7,7,590,6.498194945848375,22312,15.000913041993044,0.8648054169607349,1115,15.0,time_limit
P-n50-k7,P,49,5,554,554.0,0.0,7,7,577,4.1516245487364625,22109,15.000012790958863,4.161045957996976,5506,15.0,time_limit
P-n50-k8,P,49,1,631,631.0,0.0,8,8,631,0.0,30000,12.170446917007212,0.0,0,15.0,stall_limit
P-n50-k8,P,49,2,631,631.0,0.0,8,8,631,0.0,30000,12.408339583023917,0.0,0,15.0,stall_limit
P-n50-k8,P,49,3,631,631.0,0.0,8,8,631,0.0,30000,12.237283458001912,0.0,0,15.0,stall_limit
P-n50-k8,P,49,4,631,631.0,0.0,8,8,631,0.0,30000,12.259268500027247,0.0,0,15.0,stall_limit
P-n50-k8,P,49,5,631,631.0,0.0,8,8,631,0.0,30000,12.228340000030585,0.0,0,15.0,stall_limit
P-n51-k10,P,50,1,741,741.0,0.0,10,10,805,8.63697705802969,26580,15.000003875000402,3.997314790962264,8079,15.0,time_limit
P-n51-k10,P,50,2,741,741.0,0.0,10,10,800,7.96221322537112,26019,15.00053520797519,3.0050447080284357,6104,15.0,time_limit
P-n51-k10,P,50,3,741,741.0,0.0,10,10,802,8.232118758434549,25713,15.000249375007115,1.9210007910151035,3913,15.0,time_limit
P-n51-k10,P,50,4,741,741.0,0.0,10,10,765,3.2388663967611335,26910,15.000096125004347,2.0565716669661924,4240,15.0,time_limit
P-n51-k10,P,50,5,741,741.0,0.0,10,10,835,12.685560053981106,26110,15.001537332951557,3.4818341250065714,6882,15.0,time_limit
P-n55-k10,P,54,1,694,694.0,0.0,10,10,738,6.340057636887608,18963,16.200379749992862,0.03994770802091807,47,16.2,time_limit
P-n55-k10,P,54,2,696,694.0,0.2881844380403458,10,10,734,5.763688760806916,18899,16.200396208034363,4.838705250003841,5683,16.2,time_limit
P-n55-k10,P,54,3,694,694.0,0.0,10,10,730,5.187319884726225,19279,16.20097312500002,2.389496000017971,2527,16.2,time_limit
P-n55-k10,P,54,4,696,694.0,0.2881844380403458,10,10,732,5.475504322766571,18405,16.200351583014708,0.8312682500109076,800,16.2,time_limit
P-n55-k10,P,54,5,696,694.0,0.2881844380403458,10,10,717,3.314121037463977,18340,16.200124875002075,3.2893730829819106,3544,16.2,time_limit
P-n55-k15,P,54,1,989,989.0,0.0,15,15,989,0.0,30000,10.020812000031583,0.0,0,16.2,stall_limit
P-n55-k15,P,54,2,989,989.0,0.0,15,15,989,0.0,30000,10.211388583004009,0.0,0,16.2,stall_limit
P-n55-k15,P,54,3,989,989.0,0.0,15,15,989,0.0,30000,10.219966999953613,0.0,0,16.2,stall_limit
P-n55-k15,P,54,4,989,989.0,0.0,15,15,989,0.0,30000,10.571878458024003,0.0,0,16.2,stall_limit
P-n55-k15,P,54,5,989,989.0,0.0,15,15,989,0.0,30000,10.804948250006419,0.0,0,16.2,stall_limit
P-n55-k7,P,54,1,568,568.0,0.0,7,7,600,5.633802816901408,16744,16.200871666020248,5.793371749983635,5962,16.2,time_limit
P-n55-k7,P,54,2,568,568.0,0.0,7,7,587,3.3450704225352115,17196,16.200350917002652,0.14295145799405873,153,16.2,time_limit
P-n55-k7,P,54,3,568,568.0,0.0,7,7,610,7.394366197183099,17262,16.200264542014338,5.7933420420158654,6204,16.2,time_limit
P-n55-k7,P,54,4,568,568.0,0.0,7,7,595,4.753521126760563,17008,16.201828749966808,1.2541670000064187,1277,16.2,time_limit
P-n55-k7,P,54,5,568,568.0,0.0,7,7,611,7.570422535211268,17438,16.200221250008326,2.190392749966122,2580,16.2,time_limit
P-n55-k8,P,54,1,588,588.0,0.0,8,8,630,7.142857142857143,17271,16.200849792046938,0.3167872500489466,388,16.2,time_limit
P-n55-k8,P,54,2,588,588.0,0.0,8,8,605,2.891156462585034,17612,16.204689292004332,0.6615267500164919,712,16.2,time_limit
P-n55-k8,P,54,3,588,588.0,0.0,8,8,623,5.9523809523809526,17708,16.200105959025677,0.1080169589840807,124,16.2,time_limit
P-n55-k8,P,54,4,588,588.0,0.0,8,8,611,3.9115646258503403,18050,16.200156125007197,1.3195429590414278,1494,16.2,time_limit
P-n55-k8,P,54,5,588,588.0,0.0,8,8,631,7.312925170068027,17403,16.200770791969262,0.0357768340036273,34,16.2,time_limit
P-n60-k10,P,59,1,744,744.0,0.0,10,10,793,6.586021505376344,22032,17.702183999994304,3.390912542003207,4290,17.7,time_limit
P-n60-k10,P,59,2,744,744.0,0.0,10,10,786,5.645161290322581,21213,17.705668042006437,3.9773873329977505,5018,17.7,time_limit
P-n60-k10,P,59,3,744,744.0,0.0,10,10,794,6.720430107526882,21343,17.714538207976148,2.2711680000065826,2797,17.7,time_limit
P-n60-k10,P,59,4,744,744.0,0.0,10,10,785,5.510752688172043,21545,17.700478375016246,4.123573500022758,5524,17.7,time_limit
P-n60-k10,P,59,5,744,744.0,0.0,10,10,795,6.854838709677419,20978,17.703530707978643,6.03330220800126,7655,17.7,time_limit
P-n60-k15,P,59,1,968,968.0,0.0,15,15,1044,7.851239669421488,26024,17.700431665987708,7.930409499967936,12382,17.7,time_limit
P-n60-k15,P,59,2,968,968.0,0.0,15,15,993,2.5826446280991737,25645,17.700143917056266,3.8140018330304883,5814,17.7,time_limit
P-n60-k15,P,59,3,968,968.0,0.0,15,15,1009,4.235537190082645,25867,17.70031437498983,2.4397617499926127,3884,17.7,time_limit
P-n60-k15,P,59,4,968,968.0,0.0,15,15,1025,5.8884297520661155,25276,17.70033554098336,6.697397708019707,10601,17.7,time_limit
P-n60-k15,P,59,5,968,968.0,0.0,15,15,988,2.0661157024793386,25091,17.70142283302266,2.704142000002321,4166,17.7,time_limit
P-n65-k10,P,64,1,792,792.0,0.0,10,10,840,6.0606060606060606,19390,19.20075254200492,3.774523500003852,2727,19.2,time_limit
P-n65-k10,P,64,2,792,792.0,0.0,10,10,837,5.681818181818182,19787,19.20198991696816,5.741360416985117,5350,19.2,time_limit
P-n65-k10,P,64,3,792,792.0,0.0,10,10,833,5.1767676767676765,19855,19.200244165956974,3.6924625000101514,3202,19.2,time_limit
P-n65-k10,P,64,4,792,792.0,0.0,10,10,854,7.828282828282828,20175,19.205360374995507,0.5982068750308827,452,19.2,time_limit
P-n65-k10,P,64,5,792,792.0,0.0,10,10,852,7.575757575757576,19828,19.2006475829985,0.9043491659685969,698,19.2,time_limit
P-n70-k10,P,69,1,827,827.0,0.0,10,10,874,5.683192261185006,21876,20.702653541986365,8.28192154201679,8920,20.7,time_limit
P-n70-k10,P,69,2,828,827.0,0.12091898428053205,10,10,927,12.091898428053204,22874,20.70150220801588,7.307120083016343,8393,20.7,time_limit
P-n70-k10,P,69,3,829,827.0,0.2418379685610641,10,10,910,10.036275695284159,22637,20.70086495904252,10.447259167034645,11699,20.7,time_limit
P-n70-k10,P,69,4,830,827.0,0.36275695284159615,10,10,878,6.166868198307134,23083,20.700306500017177,3.5529435830540024,4068,20.7,time_limit
P-n70-k10,P,69,5,828,827.0,0.12091898428053205,10,10,868,4.957678355501813,22521,20.700486707966775,9.905469874967821,11134,20.7,time_limit
P-n76-k4,P,75,1,593,593.0,0.0,4,4,651,9.780775716694773,15748,22.500618333986495,4.426668416999746,2933,22.5,time_limit
P-n76-k4,P,75,2,593,593.0,0.0,4,4,660,11.298482293423271,15577,22.502764582983218,7.849217791983392,5422,22.5,time_limit
P-n76-k4,P,75,3,593,593.0,0.0,4,4,647,9.106239460370995,15950,22.50212904100772,4.630233915988356,3098,22.5,time_limit
P-n76-k4,P,75,4,593,593.0,0.0,4,4,629,6.070826306913997,16240,22.50036170799285,8.979068499989808,6692,22.5,time_limit
P-n76-k4,P,75,5,593,593.0,0.0,4,4,640,7.925801011804385,16125,22.50015762494877,3.812343790952582,2904,22.5,time_limit
P-n76-k5,P,75,1,628,627.0,0.1594896331738437,5,5,676,7.814992025518341,16245,22.50002170802327,4.46518791600829,3256,22.5,time_limit
P-n76-k5,P,75,2,628,627.0,0.1594896331738437,5,5,660,5.2631578947368425,16834,22.500650291040074,7.275740583019797,5734,22.5,time_limit
P-n76-k5,P,75,3,628,627.0,0.1594896331738437,5,5,667,6.379585326953748,16763,22.500190833001398,2.5802681670174934,1845,22.5,time_limit
P-n76-k5,P,75,4,628,627.0,0.1594896331738437,5,5,672,7.177033492822966,16967,22.500539916974958,3.220289834018331,2500,22.5,time_limit
P-n76-k5,P,75,5,628,627.0,0.1594896331738437,5,5,684,9.090909090909092,16856,22.500276584003586,9.467226708948147,7177,22.5,time_limit
P-n101-k4,P,100,1,681,681.0,0.0,4,4,734,7.782672540381792,14099,30.00279495801078,3.2485805000178516,1565,30.0,time_limit
P-n101-k4,P,100,2,681,681.0,0.0,4,4,706,3.671071953010279,14122,30.003391417034436,13.111828334047459,6123,30.0,time_limit
P-n101-k4,P,100,3,681,681.0,0.0,4,4,698,2.4963289280469896,14013,30.00388604204636,2.8856028340524063,1486,30.0,time_limit
P-n101-k4,P,100,4,681,681.0,0.0,4,4,717,5.286343612334802,14167,30.000000957981683,7.586059207969811,3699,30.0,time_limit
P-n101-k4,P,100,5,681,681.0,0.0,4,4,735,7.929515418502203,14234,30.000055041979067,5.976620249974076,2974,30.0,time_limit
