instance,set,n_customers,seed,cost,optimal,gap,n_routes,k_reference,init_cost,init_gap,iterations,runtime,time_to_best,iter_to_best,time_limit,stop_reason,param,value
E-n33-k4,E,32,1,835,835.0,0.0,4,4,868,3.9520958083832336,1831,1.000941000005696,0.042207667022012174,58,1.0,time_limit,time_limit,1.0
E-n33-k4,E,32,2,835,835.0,0.0,4,4,895,7.18562874251497,2161,1.0001380000030622,0.16917391697643325,230,1.0,time_limit,time_limit,1.0
E-n33-k4,E,32,3,835,835.0,0.0,4,4,866,3.712574850299401,1929,1.0003601249773055,0.09691624995321035,130,1.0,time_limit,time_limit,1.0
E-n76-k8,E,75,1,738,735.0,0.40816326530612246,8,8,766,4.217687074829932,626,1.0005294580478221,0.5550105000147596,281,1.0,time_limit,time_limit,1.0
E-n76-k8,E,75,2,737,735.0,0.272108843537415,8,8,805,9.523809523809524,667,1.0001273340312764,0.747880625014659,467,1.0,time_limit,time_limit,1.0
E-n76-k8,E,75,3,737,735.0,0.272108843537415,8,8,790,7.482993197278912,670,1.0014060000539757,0.9479630410205573,631,1.0,time_limit,time_limit,1.0
E-n101-k14,E,100,1,1083,1067.0,1.499531396438613,14,14,1130,5.904404873477039,428,1.0058015829999931,0.6923899999819696,283,1.0,time_limit,time_limit,1.0
E-n101-k14,E,100,2,1093,1067.0,2.436738519212746,14,14,1128,5.716963448922212,416,1.000283458037302,0.9621933330199681,403,1.0,time_limit,time_limit,1.0
E-n101-k14,E,100,3,1087,1067.0,1.8744142455482662,14,14,1132,6.091846298031865,352,1.0006430840003304,0.7999592919950373,275,1.0,time_limit,time_limit,1.0
F-n72-k4,F,71,1,237,237.0,0.0,4,4,250,5.485232067510548,812,1.0025068749673665,0.01883608300704509,15,1.0,time_limit,time_limit,1.0
F-n72-k4,F,71,2,237,237.0,0.0,4,4,264,11.39240506329114,794,1.0028353750240058,0.6615625830017962,549,1.0,time_limit,time_limit,1.0
F-n72-k4,F,71,3,237,237.0,0.0,4,4,264,11.39240506329114,833,1.0020363749936223,0.7007095830049366,598,1.0,time_limit,time_limit,1.0
M-n121-k7,M,120,1,1039,1034.0,0.4835589941972921,7,7,1039,0.4835589941972921,303,1.001789249945432,0.0,0,1.0,time_limit,time_limit,1.0
M-n121-k7,M,120,2,1038,1034.0,0.38684719535783363,7,7,1051,1.644100580270793,325,1.0119357500225306,0.5510952909826301,193,1.0,time_limit,time_limit,1.0
M-n121-k7,M,120,3,1045,1034.0,1.0638297872340425,7,7,1049,1.4506769825918762,315,1.0007730000070296,0.5251809579785913,189,1.0,time_limit,time_limit,1.0
M-n200-k17,M,199,1,1323,1275.0,3.764705882352941,17,17,1410,10.588235294117647,269,1.017759540991392,0.733206250006333,221,1.0,time_limit,time_limit,1.0
M-n200-k17,M,199,2,1323,1275.0,3.764705882352941,17,17,1429,12.07843137254902,253,1.0021411660127342,0.9253878750023432,232,1.0,time_limit,time_limit,1.0
M-n200-k17,M,199,3,1319,1275.0,3.450980392156863,17,17,1370,7.450980392156863,277,1.0039613749831915,0.7188665000139736,206,1.0,time_limit,time_limit,1.0
P-n45-k5,P,44,1,510,510.0,0.0,5,5,556,9.019607843137255,1720,1.0005993749946356,0.03094420797424391,45,1.0,time_limit,time_limit,1.0
P-n45-k5,P,44,2,510,510.0,0.0,5,5,560,9.803921568627452,1528,1.0001878750044852,0.1278311669593677,222,1.0,time_limit,time_limit,1.0
P-n45-k5,P,44,3,510,510.0,0.0,5,5,561,10.0,1401,1.000563624955248,0.0289602919947356,29,1.0,time_limit,time_limit,1.0
P-n65-k10,P,64,1,792,792.0,0.0,10,10,840,6.0606060606060606,929,1.001051000028383,0.887542582990136,817,1.0,time_limit,time_limit,1.0
P-n65-k10,P,64,2,809,792.0,2.1464646464646466,10,10,837,5.681818181818182,961,1.0003639580099843,0.15740104200085625,181,1.0,time_limit,time_limit,1.0
P-n65-k10,P,64,3,800,792.0,1.0101010101010102,10,10,833,5.1767676767676765,899,1.0032359170145355,0.1699421249795705,137,1.0,time_limit,time_limit,1.0
P-n101-k4,P,100,1,682,681.0,0.14684287812041116,4,4,736,8.076358296622614,417,1.0010164999985136,0.7675273750210181,329,1.0,time_limit,time_limit,1.0
P-n101-k4,P,100,2,681,681.0,0.0,4,4,706,3.671071953010279,418,1.0011032079928555,0.36066999996546656,135,1.0,time_limit,time_limit,1.0
P-n101-k4,P,100,3,682,681.0,0.14684287812041116,4,4,698,2.4963289280469896,445,1.0017329169786535,0.5233427089988254,227,1.0,time_limit,time_limit,1.0
E-n33-k4,E,32,1,835,835.0,0.0,4,4,868,3.9520958083832336,3733,2.0001146250288,0.03447554202284664,58,2.0,time_limit,time_limit,2.0
E-n33-k4,E,32,2,835,835.0,0.0,4,4,895,7.18562874251497,4241,2.000262915971689,0.08199395798146725,191,2.0,time_limit,time_limit,2.0
E-n33-k4,E,32,3,835,835.0,0.0,4,4,866,3.712574850299401,3990,2.001475874974858,0.15647229098249227,256,2.0,time_limit,time_limit,2.0
E-n76-k8,E,75,1,743,735.0,1.08843537414966,8,8,766,4.217687074829932,1319,2.00083849998191,0.4087490409729071,267,2.0,time_limit,time_limit,2.0
E-n76-k8,E,75,2,744,735.0,1.2244897959183674,8,8,805,9.523809523809524,1337,2.001075917039998,0.29204958298942074,218,2.0,time_limit,time_limit,2.0
E-n76-k8,E,75,3,737,735.0,0.272108843537415,8,8,790,7.482993197278912,1460,2.0073815410141833,0.9599775830283761,675,2.0,time_limit,time_limit,2.0
E-n101-k14,E,100,1,1085,1067.0,1.6869728209934396,14,14,1130,5.904404873477039,994,2.000876958016306,1.9476764580467716,958,2.0,time_limit,time_limit,2.0
E-n101-k14,E,100,2,1085,1067.0,1.6869728209934396,14,14,1128,5.716963448922212,862,2.014435291988775,1.933670875034295,842,2.0,time_limit,time_limit,2.0
E-n101-k14,E,100,3,1077,1067.0,0.9372071227741331,14,14,1132,6.091846298031865,1018,2.000759625050705,1.3168669580481946,677,2.0,time_limit,time_limit,2.0
F-n72-k4,F,71,1,237,237.0,0.0,4,4,250,5.485232067510548,1403,2.00197774998378,0.02239879098488018,15,2.0,time_limit,time_limit,2.0
F-n72-k4,F,71,2,237,237.0,0.0,4,4,264,11.39240506329114,1508,2.003595124988351,0.14955741702578962,93,2.0,time_limit,time_limit,2.0
F-n72-k4,F,71,3,237,237.0,0.0,4,4,264,11.39240506329114,1500,2.000084707979113,0.14946929196594283,118,2.0,time_limit,time_limit,2.0
M-n121-k7,M,120,1,1036,1034.0,0.19342359767891681,7,7,1039,0.4835589941972921,644,2.000352290982846,1.2749849579995498,440,2.0,time_limit,time_limit,2.0
M-n121-k7,M,120,2,1038,1034.0,0.38684719535783363,7,7,1051,1.644100580270793,576,2.0043640000512823,0.5134917499963194,177,2.0,time_limit,time_limit,2.0
M-n121-k7,M,120,3,1037,1034.0,0.2901353965183752,7,7,1049,1.4506769825918762,626,2.0064165419898927,1.3969442090019584,455,2.0,time_limit,time_limit,2.0
M-n200-k17,M,199,1,1321,1275.0,3.607843137254902,17,17,1410,10.588235294117647,543,2.001015166984871,1.7030428749858402,472,2.0,time_limit,time_limit,2.0
M-n200-k17,M,199,2,1321,1275.0,3.607843137254902,17,17,1429,12.07843137254902,482,2.0013141249655746,1.680314666009508,424,2.0,time_limit,time_limit,2.0
M-n200-k17,M,199,3,1309,1275.0,2.6666666666666665,17,17,1370,7.450980392156863,541,2.011791666969657,1.9977809579577297,540,2.0,time_limit,time_limit,2.0
P-n45-k5,P,44,1,510,510.0,0.0,5,5,556,9.019607843137255,2828,2.001201291976031,0.0298239589901641,45,2.0,time_limit,time_limit,2.0
P-n45-k5,P,44,2,510,510.0,0.0,5,5,560,9.803921568627452,3081,2.0029523330158554,0.16344495804514736,186,2.0,time_limit,time_limit,2.0
P-n45-k5,P,44,3,510,510.0,0.0,5,5,561,10.0,3009,2.0014804580132477,0.026848500012420118,29,2.0,time_limit,time_limit,2.0
P-n65-k10,P,64,1,799,792.0,0.8838383838383839,10,10,840,6.0606060606060606,1811,2.000153625034727,0.9121737080276944,779,2.0,time_limit,time_limit,2.0
P-n65-k10,P,64,2,792,792.0,0.0,10,10,837,5.681818181818182,1716,2.000789583020378,1.0739184170379303,984,2.0,time_limit,time_limit,2.0
P-n65-k10,P,64,3,792,792.0,0.0,10,10,833,5.1767676767676765,1818,2.0003050419618376,1.8317843329859897,1668,2.0,time_limit,time_limit,2.0
P-n101-k4,P,100,1,681,681.0,0.0,4,4,736,8.076358296622614,829,2.0055854160455056,0.7260378750506788,261,2.0,time_limit,time_limit,2.0
P-n101-k4,P,100,2,683,681.0,0.2936857562408223,4,4,706,3.671071953010279,770,2.0002729590050876,1.3130086670280434,506,2.0,time_limit,time_limit,2.0
P-n101-k4,P,100,3,683,681.0,0.2936857562408223,4,4,698,2.4963289280469896,948,2.0020473749609664,0.5851634169812314,308,2.0,time_limit,time_limit,2.0
E-n33-k4,E,32,1,835,835.0,0.0,4,4,868,3.9520958083832336,9252,5.000192417006474,0.02297933300724253,58,5.0,time_limit,time_limit,5.0
E-n33-k4,E,32,2,835,835.0,0.0,4,4,895,7.18562874251497,9074,5.0002403749967925,0.08867516601458192,191,5.0,time_limit,time_limit,5.0
E-n33-k4,E,32,3,835,835.0,0.0,4,4,866,3.712574850299401,9164,5.00028829195071,0.08934470894746482,185,5.0,time_limit,time_limit,5.0
E-n76-k8,E,75,1,737,735.0,0.272108843537415,8,8,766,4.217687074829932,3191,5.0045890000183135,3.8519344170344993,2484,5.0,time_limit,time_limit,5.0
E-n76-k8,E,75,2,736,735.0,0.1360544217687075,8,8,805,9.523809523809524,3191,5.001248584012501,3.9011290000053123,2547,5.0,time_limit,time_limit,5.0
E-n76-k8,E,75,3,737,735.0,0.272108843537415,8,8,790,7.482993197278912,3161,5.000271916971542,0.8214631250011735,547,5.0,time_limit,time_limit,5.0
E-n101-k14,E,100,1,1088,1067.0,1.9681349578256795,14,14,1130,5.904404873477039,2033,5.00294545898214,4.829591959016398,1976,5.0,time_limit,time_limit,5.0
E-n101-k14,E,100,2,1080,1067.0,1.218369259606373,14,14,1128,5.716963448922212,1881,5.000081042002421,3.883977541991044,1474,5.0,time_limit,time_limit,5.0
E-n101-k14,E,100,3,1074,1067.0,0.6560449859418932,14,14,1132,6.091846298031865,1987,5.000853041012306,4.086995707999449,1626,5.0,time_limit,time_limit,5.0
F-n72-k4,F,71,1,237,237.0,0.0,4,4,250,5.485232067510548,3392,5.000003249966539,0.04842737497529015,15,5.0,time_limit,time_limit,5.0
F-n72-k4,F,71,2,237,237.0,0.0,4,4,264,11.39240506329114,3454,5.000274833000731,0.18234066700097173,93,5.0,time_limit,time_limit,5.0
F-n72-k4,F,71,3,237,237.0,0.0,4,4,264,11.39240506329114,3481,5.00033866596641,0.4194756660144776,282,5.0,time_limit,time_limit,5.0
M-n121-k7,M,120,1,1036,1034.0,0.19342359767891681,7,7,1039,0.4835589941972921,1465,5.002577624982223,3.799516125000082,1117,5.0,time_limit,time_limit,5.0
M-n121-k7,M,120,2,1035,1034.0,0.09671179883945841,7,7,1051,1.644100580270793,1511,5.000378458003979,3.669977707962971,1076,5.0,time_limit,time_limit,5.0
M-n121-k7,M,120,3,1036,1034.0,0.19342359767891681,7,7,1049,1.4506769825918762,1431,5.003375707950909,0.7246309579932131,222,5.0,time_limit,time_limit,5.0
M-n200-k17,M,199,1,1303,1275.0,2.196078431372549,17,17,1410,10.588235294117647,1062,5.0115137079847045,4.9057353750104085,1050,5.0,time_limit,time_limit,5.0
M-n200-k17,M,199,2,1294,1275.0,1.4901960784313726,17,17,1429,12.07843137254902,1084,5.012609541998245,4.164445125032216,916,5.0,time_limit,time_limit,5.0
M-n200-k17,M,199,3,1294,1275.0,1.4901960784313726,17,17,1370,7.450980392156863,1086,5.00743237498682,4.698477249999996,1031,5.0,time_limit,time_limit,5.0
P-n45-k5,P,44,1,510,510.0,0.0,5,5,556,9.019607843137255,6964,5.000110458990093,0.027366916998289526,45,5.0,time_limit,time_limit,5.0
P-n45-k5,P,44,2,510,510.0,0.0,5,5,560,9.803921568627452,6979,5.000108167005237,0.12110470799962059,157,5.0,time_limit,time_limit,5.0
P-n45-k5,P,44,3,510,510.0,0.0,5,5,561,10.0,6996,5.00292687502224,0.027368707989808172,29,5.0,time_limit,time_limit,5.0
P-n65-k10,P,64,1,792,792.0,0.0,10,10,840,6.0606060606060606,4092,5.003043417003937,2.253431792021729,1788,5.0,time_limit,time_limit,5.0
P-n65-k10,P,64,2,792,792.0,0.0,10,10,837,5.681818181818182,4260,5.002209957980085,1.6366654579760507,1330,5.0,time_limit,time_limit,5.0
P-n65-k10,P,64,3,792,792.0,0.0,10,10,833,5.1767676767676765,4107,5.000044708023779,3.160020125040319,2550,5.0,time_limit,time_limit,5.0
P-n101-k4,P,100,1,681,681.0,0.0,4,4,736,8.076358296622614,2077,5.003683707967866,2.7923839169670828,1154,5.0,time_limit,time_limit,5.0
P-n101-k4,P,100,2,682,681.0,0.14684287812041116,4,4,706,3.671071953010279,2123,5.007231249997858,2.035934499988798,906,5.0,time_limit,time_limit,5.0
P-n101-k4,P,100,3,683,681.0,0.2936857562408223,4,4,698,2.4963289280469896,2177,5.0111267500324175,0.46515137498499826,202,5.0,time_limit,time_limit,5.0
E-n33-k4,E,32,1,835,835.0,0.0,4,4,868,3.9520958083832336,18111,10.000464457960334,0.02805924997664988,58,10.0,time_limit,time_limit,10.0
E-n33-k4,E,32,2,835,835.0,0.0,4,4,895,7.18562874251497,18000,10.000506084004883,0.0706202500150539,128,10.0,time_limit,time_limit,10.0
E-n33-k4,E,32,3,835,835.0,0.0,4,4,866,3.712574850299401,18290,10.00179291702807,0.11236362502677366,185,10.0,time_limit,time_limit,10.0
E-n76-k8,E,75,1,736,735.0,0.1360544217687075,8,8,766,4.217687074829932,5917,10.009305457992014,7.113359416020103,4255,10.0,time_limit,time_limit,10.0
E-n76-k8,E,75,2,738,735.0,0.40816326530612246,8,8,805,9.523809523809524,6104,10.004750708991196,8.888437999994494,5500,10.0,time_limit,time_limit,10.0
E-n76-k8,E,75,3,736,735.0,0.1360544217687075,8,8,790,7.482993197278912,5953,10.007228083035443,9.845614958030637,5875,10.0,time_limit,time_limit,10.0
E-n101-k14,E,100,1,1079,1067.0,1.1246485473289598,14,14,1130,5.904404873477039,3795,10.000821624998935,8.723811417003162,3307,10.0,time_limit,time_limit,10.0
E-n101-k14,E,100,2,1073,1067.0,0.5623242736644799,14,14,1128,5.716963448922212,3720,10.000145959027577,5.689180542016402,2085,10.0,time_limit,time_limit,10.0
E-n101-k14,E,100,3,1085,1067.0,1.6869728209934396,14,14,1132,6.091846298031865,3832,10.004841708985623,7.071634666994214,2742,10.0,time_limit,time_limit,10.0
F-n72-k4,F,71,1,237,237.0,0.0,4,4,250,5.485232067510548,6332,10.000404542020988,0.018551583983935416,15,10.0,time_limit,time_limit,10.0
F-n72-k4,F,71,2,237,237.0,0.0,4,4,264,11.39240506329114,6370,10.00390679197153,0.1955294999643229,112,10.0,time_limit,time_limit,10.0
F-n72-k4,F,71,3,237,237.0,0.0,4,4,264,11.39240506329114,6369,10.012910374964122,0.3385722080129199,226,10.0,time_limit,time_limit,10.0
M-n121-k7,M,120,1,1037,1034.0,0.2901353965183752,7,7,1039,0.4835589941972921,2460,10.000422957993578,2.043237333011348,643,10.0,time_limit,time_limit,10.0
M-n121-k7,M,120,2,1039,1034.0,0.4835589941972921,7,7,1051,1.644100580270793,2347,10.009511417010799,2.34366970800329,712,10.0,time_limit,time_limit,10.0
M-n121-k7,M,120,3,1036,1034.0,0.19342359767891681,7,7,1049,1.4506769825918762,2522,10.00945141701959,2.487327084003482,730,10.0,time_limit,time_limit,10.0
M-n200-k17,M,199,1,1302,1275.0,2.1176470588235294,17,17,1410,10.588235294117647,1850,10.010907500050962,5.5871718330308795,1055,10.0,time_limit,time_limit,10.0
M-n200-k17,M,199,2,1291,1275.0,1.2549019607843137,17,17,1429,12.07843137254902,1904,10.001047249999829,9.78756466699997,1876,10.0,time_limit,time_limit,10.0
M-n200-k17,M,199,3,1303,1275.0,2.196078431372549,17,17,1370,7.450980392156863,1854,10.006061957974453,9.74456562497653,1806,10.0,time_limit,time_limit,10.0
P-n45-k5,P,44,1,510,510.0,0.0,5,5,556,9.019607843137255,11807,10.00235987501219,0.023639832972548902,45,10.0,time_limit,time_limit,10.0
P-n45-k5,P,44,2,510,510.0,0.0,5,5,560,9.803921568627452,11955,10.000411333050579,0.09228116605663672,157,10.0,time_limit,time_limit,10.0
P-n45-k5,P,44,3,510,510.0,0.0,5,5,561,10.0,11935,10.000773374980781,0.02477112499764189,29,10.0,time_limit,time_limit,10.0
P-n65-k10,P,64,1,792,792.0,0.0,10,10,840,6.0606060606060606,6878,10.01001633296255,3.885660707950592,2686,10.0,time_limit,time_limit,10.0
P-n65-k10,P,64,2,792,792.0,0.0,10,10,837,5.681818181818182,6858,10.00000908295624,3.9935892919893377,2856,10.0,time_limit,time_limit,10.0
P-n65-k10,P,64,3,792,792.0,0.0,10,10,833,5.1767676767676765,6986,10.000351041031536,1.6699661660240963,1023,10.0,time_limit,time_limit,10.0
P-n101-k4,P,100,1,683,681.0,0.2936857562408223,4,4,736,8.076358296622614,3182,10.001069125020877,2.5058716670027934,843,10.0,time_limit,time_limit,10.0
P-n101-k4,P,100,2,681,681.0,0.0,4,4,706,3.671071953010279,3111,10.00034762499854,6.082971833995543,1935,10.0,time_limit,time_limit,10.0
P-n101-k4,P,100,3,681,681.0,0.0,4,4,698,2.4963289280469896,3148,10.000996916962322,1.8682195830042474,691,10.0,time_limit,time_limit,10.0
E-n33-k4,E,32,1,835,835.0,0.0,4,4,868,3.9520958083832336,29155,20.000184541975614,0.033964083006139845,58,20.0,time_limit,time_limit,20.0
E-n33-k4,E,32,2,835,835.0,0.0,4,4,895,7.18562874251497,29366,20.000710375024937,0.06449695897754282,128,20.0,time_limit,time_limit,20.0
E-n33-k4,E,32,3,835,835.0,0.0,4,4,866,3.712574850299401,28485,20.000420332944486,0.17773199995281175,185,20.0,time_limit,time_limit,20.0
E-n76-k8,E,75,1,735,735.0,0.0,8,8,766,4.217687074829932,9639,20.000999625015538,16.34574804198928,7746,20.0,time_limit,time_limit,20.0
E-n76-k8,E,75,2,736,735.0,0.1360544217687075,8,8,805,9.523809523809524,9537,20.00235187500948,9.55028600001242,4414,20.0,time_limit,time_limit,20.0
E-n76-k8,E,75,3,736,735.0,0.1360544217687075,8,8,790,7.482993197278912,9246,20.008225958037656,9.677442708052695,4324,20.0,time_limit,time_limit,20.0
E-n101-k14,E,100,1,1078,1067.0,1.0309278350515463,14,14,1130,5.904404873477039,6311,20.00254658400081,11.541685584001243,3482,20.0,time_limit,time_limit,20.0
E-n101-k14,E,100,2,1077,1067.0,0.9372071227741331,14,14,1128,5.716963448922212,5832,20.006473375018686,15.079942334035877,4380,20.0,time_limit,time_limit,20.0
E-n101-k14,E,100,3,1067,1067.0,0.0,14,14,1132,6.091846298031865,6251,20.000723292003386,10.737884083006065,3250,20.0,time_limit,time_limit,20.0
F-n72-k4,F,71,1,237,237.0,0.0,4,4,250,5.485232067510548,11014,20.00065750000067,0.017861959000583738,15,20.0,time_limit,time_limit,20.0
F-n72-k4,F,71,2,237,237.0,0.0,4,4,264,11.39240506329114,10755,20.00780899997335,0.21260545897530392,112,20.0,time_limit,time_limit,20.0
F-n72-k4,F,71,3,237,237.0,0.0,4,4,264,11.39240506329114,11022,20.00138200004585,0.3224794580019079,226,20.0,time_limit,time_limit,20.0
M-n121-k7,M,120,1,1036,1034.0,0.19342359767891681,7,7,1039,0.4835589941972921,4374,20.00863550003851,9.19893883401528,2115,20.0,time_limit,time_limit,20.0
M-n121-k7,M,120,2,1036,1034.0,0.19342359767891681,7,7,1051,1.644100580270793,4301,20.008395084005315,12.644893541990314,2652,20.0,time_limit,time_limit,20.0
M-n121-k7,M,120,3,1037,1034.0,0.2901353965183752,7,7,1049,1.4506769825918762,4197,20.004717166011687,2.7147306660190225,635,20.0,time_limit,time_limit,20.0
M-n200-k17,M,199,1,1300,1275.0,1.9607843137254901,17,17,1410,10.588235294117647,3234,20.01502387499204,14.913421000004746,2421,20.0,time_limit,time_limit,20.0
M-n200-k17,M,199,2,1302,1275.0,2.1176470588235294,17,17,1429,12.07843137254902,3247,20.014803792000748,11.799388749990612,1897,20.0,time_limit,time_limit,20.0
M-n200-k17,M,199,3,1302,1275.0,2.1176470588235294,17,17,1370,7.450980392156863,3170,20.004483708005864,17.278896000003442,2777,20.0,time_limit,time_limit,20.0
P-n45-k5,P,44,1,510,510.0,0.0,5,5,556,9.019607843137255,21206,20.000787542026956,0.042865000024903566,45,20.0,time_limit,time_limit,20.0
P-n45-k5,P,44,2,510,510.0,0.0,5,5,560,9.803921568627452,21652,20.000411957968026,0.12607887497870252,157,20.0,time_limit,time_limit,20.0
P-n45-k5,P,44,3,510,510.0,0.0,5,5,561,10.0,21489,20.00011529098265,0.034796540974639356,29,20.0,time_limit,time_limit,20.0
P-n65-k10,P,64,1,792,792.0,0.0,10,10,840,6.0606060606060606,12618,20.001858375035226,5.33263508300297,3018,20.0,time_limit,time_limit,20.0
P-n65-k10,P,64,2,792,792.0,0.0,10,10,837,5.681818181818182,12775,20.00004070799332,5.392865500005428,3136,20.0,time_limit,time_limit,20.0
P-n65-k10,P,64,3,792,792.0,0.0,10,10,833,5.1767676767676765,12904,20.003335333021823,5.199745874968357,2961,20.0,time_limit,time_limit,20.0
P-n101-k4,P,100,1,681,681.0,0.0,4,4,736,8.076358296622614,6374,20.000924209016375,4.877208999998402,1520,20.0,time_limit,time_limit,20.0
P-n101-k4,P,100,2,681,681.0,0.0,4,4,706,3.671071953010279,6404,20.05021920899162,5.9065423749852926,1918,20.0,time_limit,time_limit,20.0
P-n101-k4,P,100,3,681,681.0,0.0,4,4,698,2.4963289280469896,6302,20.03224487497937,2.2756154169910587,758,20.0,time_limit,time_limit,20.0
E-n33-k4,E,32,1,835,835.0,0.0,4,4,868,3.9520958083832336,59079,40.000437500013504,0.04705716704484075,58,40.0,time_limit,time_limit,40.0
E-n33-k4,E,32,2,835,835.0,0.0,4,4,895,7.18562874251497,59179,40.00329762499314,0.11153954098699614,128,40.0,time_limit,time_limit,40.0
E-n33-k4,E,32,3,835,835.0,0.0,4,4,866,3.712574850299401,58865,40.00083645799896,0.140735124994535,185,40.0,time_limit,time_limit,40.0
E-n76-k8,E,75,1,736,735.0,0.1360544217687075,8,8,766,4.217687074829932,19636,40.00080783298472,15.050076915998943,7240,40.0,time_limit,time_limit,40.0
E-n76-k8,E,75,2,736,735.0,0.1360544217687075,8,8,805,9.523809523809524,20020,40.000008500006516,19.837853290955536,9685,40.0,time_limit,time_limit,40.0
E-n76-k8,E,75,3,736,735.0,0.1360544217687075,8,8,790,7.482993197278912,19927,40.000259625026956,10.016885749995708,4911,40.0,time_limit,time_limit,40.0
E-n101-k14,E,100,1,1079,1067.0,1.1246485473289598,14,14,1130,5.904404873477039,12615,40.00512295903172,18.952194750017952,5937,40.0,time_limit,time_limit,40.0
E-n101-k14,E,100,2,1077,1067.0,0.9372071227741331,14,14,1128,5.716963448922212,12493,40.003937917004805,28.9357766250032,9053,40.0,time_limit,time_limit,40.0
E-n101-k14,E,100,3,1078,1067.0,1.0309278350515463,14,14,1132,6.091846298031865,12367,40.000699374999385,33.777704957989044,10491,40.0,time_limit,time_limit,40.0
F-n72-k4,F,71,1,237,237.0,0.0,4,4,250,5.485232067510548,23136,40.05854937498225,0.013080290984362364,15,40.0,time_limit,time_limit,40.0
F-n72-k4,F,71,2,237,237.0,0.0,4,4,264,11.39240506329114,22502,40.01016345794778,0.20370141696184874,112,40.0,time_limit,time_limit,40.0
F-n72-k4,F,71,3,237,237.0,0.0,4,4,264,11.39240506329114,22720,40.00019258400425,0.37537399999564514,226,40.0,time_limit,time_limit,40.0
M-n121-k7,M,120,1,1036,1034.0,0.19342359767891681,7,7,1039,0.4835589941972921,10001,40.00056833302369,21.414315540983807,4871,40.0,time_limit,time_limit,40.0
M-n121-k7,M,120,2,1035,1034.0,0.09671179883945841,7,7,1051,1.644100580270793,9782,40.0042937080143,21.12233591603581,4915,40.0,time_limit,time_limit,40.0
M-n121-k7,M,120,3,1035,1034.0,0.09671179883945841,7,7,1049,1.4506769825918762,9762,40.000877665996086,35.949833833030425,8569,40.0,time_limit,time_limit,40.0
M-n200-k17,M,199,1,1305,1275.0,2.3529411764705883,17,17,1410,10.588235294117647,7479,40.01486195798498,28.205735708004795,4988,40.0,time_limit,time_limit,40.0
M-n200-k17,M,199,2,1301,1275.0,2.0392156862745097,17,17,1429,12.07843137254902,7188,40.010534166009165,37.601629915996455,6671,40.0,time_limit,time_limit,40.0
M-n200-k17,M,199,3,1299,1275.0,1.8823529411764706,17,17,1370,7.450980392156863,7165,40.00278416700894,27.033863582997583,4669,40.0,time_limit,time_limit,40.0
P-n45-k5,P,44,1,510,510.0,0.0,5,5,556,9.019607843137255,51331,40.00019766698824,0.09552679199259728,45,40.0,time_limit,time_limit,40.0
P-n45-k5,P,44,2,510,510.0,0.0,5,5,560,9.803921568627452,51498,40.00033291702857,0.19505725003546104,157,40.0,time_limit,time_limit,40.0
P-n45-k5,P,44,3,510,510.0,0.0,5,5,561,10.0,50856,40.00014274998102,0.06555666698841378,29,40.0,time_limit,time_limit,40.0
P-n65-k10,P,64,1,792,792.0,0.0,10,10,840,6.0606060606060606,33570,40.00044045899995,11.48329541698331,8389,40.0,time_limit,time_limit,40.0
P-n65-k10,P,64,2,792,792.0,0.0,10,10,837,5.681818181818182,32619,40.00013991701417,0.8172459999914281,477,40.0,time_limit,time_limit,40.0
P-n65-k10,P,64,3,792,792.0,0.0,10,10,833,5.1767676767676765,33361,40.00360749999527,7.390684499987401,5309,40.0,time_limit,time_limit,40.0
P-n101-k4,P,100,1,681,681.0,0.0,4,4,736,8.076358296622614,17296,40.0009354170179,6.038193959044293,2649,40.0,time_limit,time_limit,40.0
P-n101-k4,P,100,2,681,681.0,0.0,4,4,706,3.671071953010279,17505,40.000555375008844,2.862528541008942,1205,40.0,time_limit,time_limit,40.0
P-n101-k4,P,100,3,681,681.0,0.0,4,4,698,2.4963289280469896,17712,40.00358454196248,16.218602249980904,7032,40.0,time_limit,time_limit,40.0
E-n33-k4,E,32,1,835,835.0,0.0,4,4,868,3.9520958083832336,151874,80.00019004096976,0.035860000003594905,58,80.0,time_limit,time_limit,80.0
E-n33-k4,E,32,2,835,835.0,0.0,4,4,895,7.18562874251497,151852,80.00122116698185,0.06320112501271069,128,80.0,time_limit,time_limit,80.0
E-n33-k4,E,32,3,835,835.0,0.0,4,4,866,3.712574850299401,153860,80.00022141594673,0.08341674995608628,185,80.0,time_limit,time_limit,80.0
E-n76-k8,E,75,1,735,735.0,0.0,8,8,766,4.217687074829932,50378,80.00245866703335,42.73400295799365,27510,80.0,time_limit,time_limit,80.0
E-n76-k8,E,75,2,735,735.0,0.0,8,8,805,9.523809523809524,51004,80.00111149996519,49.296309207973536,32018,80.0,time_limit,time_limit,80.0
E-n76-k8,E,75,3,736,735.0,0.1360544217687075,8,8,790,7.482993197278912,49998,80.00032724998891,1.5312616669689305,970,80.0,time_limit,time_limit,80.0
E-n101-k14,E,100,1,1079,1067.0,1.1246485473289598,14,14,1130,5.904404873477039,31537,80.00084754201816,39.05353308300255,15515,80.0,time_limit,time_limit,80.0
E-n101-k14,E,100,2,1067,1067.0,0.0,14,14,1128,5.716963448922212,32052,80.00112762500066,40.97372416697908,16505,80.0,time_limit,time_limit,80.0
E-n101-k14,E,100,3,1071,1067.0,0.37488284910965325,14,14,1132,6.091846298031865,32434,80.00233945797663,73.27250941703096,29705,80.0,time_limit,time_limit,80.0
F-n72-k4,F,71,1,237,237.0,0.0,4,4,250,5.485232067510548,57336,80.00025337497937,0.01247037498978898,15,80.0,time_limit,time_limit,80.0
F-n72-k4,F,71,2,237,237.0,0.0,4,4,264,11.39240506329114,57433,80.00068350002402,0.21558912500040606,112,80.0,time_limit,time_limit,80.0
F-n72-k4,F,71,3,237,237.0,0.0,4,4,264,11.39240506329114,57422,80.00134762498783,0.5617336659925058,226,80.0,time_limit,time_limit,80.0
M-n121-k7,M,120,1,1035,1034.0,0.09671179883945841,7,7,1039,0.4835589941972921,23537,80.0018215830205,52.09977033303585,14737,80.0,time_limit,time_limit,80.0
M-n121-k7,M,120,2,1035,1034.0,0.09671179883945841,7,7,1051,1.644100580270793,23149,80.00989033398218,57.53263891697861,16678,80.0,time_limit,time_limit,80.0
M-n121-k7,M,120,3,1035,1034.0,0.09671179883945841,7,7,1049,1.4506769825918762,23232,80.0016919170157,42.50314062502002,12278,80.0,time_limit,time_limit,80.0
M-n200-k17,M,199,1,1293,1275.0,1.411764705882353,17,17,1410,10.588235294117647,16967,80.01548987498973,65.42350891698152,14234,80.0,time_limit,time_limit,80.0
M-n200-k17,M,199,2,1292,1275.0,1.3333333333333333,17,17,1429,12.07843137254902,17098,80.00125241698697,63.58300437498838,14009,80.0,time_limit,time_limit,80.0
M-n200-k17,M,199,3,1290,1275.0,1.1764705882352942,17,17,1370,7.450980392156863,17295,80.00509400002193,69.6701330000069,15307,80.0,time_limit,time_limit,80.0
P-n45-k5,P,44,1,510,510.0,0.0,5,5,556,9.019607843137255,115862,80.0006527910009,0.02362820802954957,45,80.0,time_limit,time_limit,80.0
P-n45-k5,P,44,2,510,510.0,0.0,5,5,560,9.803921568627452,116299,80.0002969999914,0.10502524999901652,157,80.0,time_limit,time_limit,80.0
P-n45-k5,P,44,3,510,510.0,0.0,5,5,561,10.0,117421,80.0028563340311,0.019918917038012296,29,80.0,time_limit,time_limit,80.0
P-n65-k10,P,64,1,792,792.0,0.0,10,10,840,6.0606060606060606,67954,80.01941941597033,6.772597290982958,5870,80.0,time_limit,time_limit,80.0
P-n65-k10,P,64,2,792,792.0,0.0,10,10,837,5.681818181818182,67510,80.0014157500118,8.018785916035995,6987,80.0,time_limit,time_limit,80.0
P-n65-k10,P,64,3,792,792.0,0.0,10,10,833,5.1767676767676765,67928,80.00424133398337,12.80267216701759,10749,80.0,time_limit,time_limit,80.0
P-n101-k4,P,100,1,681,681.0,0.0,4,4,736,8.076358296622614,33072,80.00026812503347,5.9886326669948176,2108,80.0,time_limit,time_limit,80.0
P-n101-k4,P,100,2,681,681.0,0.0,4,4,706,3.671071953010279,32013,80.00093099998776,10.512086250004359,3946,80.0,time_limit,time_limit,80.0
P-n101-k4,P,100,3,681,681.0,0.0,4,4,698,2.4963289280469896,32624,80.00609895802336,13.46450416604057,5119,80.0,time_limit,time_limit,80.0
E-n33-k4,E,32,1,835,835.0,0.0,4,4,868,3.9520958083832336,558,0.38726012501865625,0.034317208046559244,58,120.0,stall_limit,stall_limit,500
E-n33-k4,E,32,2,835,835.0,0.0,4,4,895,7.18562874251497,628,0.4611000419827178,0.09912066697143018,128,120.0,stall_limit,stall_limit,500
E-n33-k4,E,32,3,835,835.0,0.0,4,4,866,3.712574850299401,685,0.5103918749955483,0.12472558300942183,185,120.0,stall_limit,stall_limit,500
E-n76-k8,E,75,1,741,735.0,0.8163265306122449,8,8,766,4.217687074829932,1250,2.0634616250172257,1.25342325004749,750,120.0,stall_limit,stall_limit,500
E-n76-k8,E,75,2,744,735.0,1.2244897959183674,8,8,805,9.523809523809524,611,1.0295702920411713,0.21605312504107133,111,120.0,stall_limit,stall_limit,500
E-n76-k8,E,75,3,741,735.0,0.8163265306122449,8,8,790,7.482993197278912,516,0.8409690409898758,0.035728707967791706,16,120.0,stall_limit,stall_limit,500
E-n101-k14,E,100,1,1089,1067.0,2.0618556701030926,14,14,1130,5.904404873477039,1082,2.6694106250070035,1.3645106250187382,582,120.0,stall_limit,stall_limit,500
E-n101-k14,E,100,2,1108,1067.0,3.8425492033739457,14,14,1128,5.716963448922212,547,1.2461394169949926,0.11002416699193418,47,120.0,stall_limit,stall_limit,500
E-n101-k14,E,100,3,1096,1067.0,2.717900656044986,14,14,1132,6.091846298031865,1201,3.0069438339560293,1.7574497499736026,701,120.0,stall_limit,stall_limit,500
F-n72-k4,F,71,1,237,237.0,0.0,4,4,250,5.485232067510548,515,0.7762893330072984,0.026035666989628226,15,120.0,stall_limit,stall_limit,500
F-n72-k4,F,71,2,237,237.0,0.0,4,4,264,11.39240506329114,612,0.9615887919790111,0.1703636249876581,112,120.0,stall_limit,stall_limit,500
F-n72-k4,F,71,3,237,237.0,0.0,4,4,264,11.39240506329114,959,1.3079857910051942,0.650554749998264,459,120.0,stall_limit,stall_limit,500
M-n121-k7,M,120,1,1039,1034.0,0.4835589941972921,7,7,1039,0.4835589941972921,500,1.523431374982465,0.0,0,120.0,stall_limit,stall_limit,500
M-n121-k7,M,120,2,1038,1034.0,0.38684719535783363,7,7,1051,1.644100580270793,1152,3.651259832957294,1.964375999988988,652,120.0,stall_limit,stall_limit,500
M-n121-k7,M,120,3,1042,1034.0,0.7736943907156673,7,7,1049,1.4506769825918762,587,2.072167875012383,0.31440416700206697,87,120.0,stall_limit,stall_limit,500
M-n200-k17,M,199,1,1331,1275.0,4.392156862745098,17,17,1410,10.588235294117647,578,2.388266708003357,0.2646090420312248,78,120.0,stall_limit,stall_limit,500
M-n200-k17,M,199,2,1334,1275.0,4.627450980392157,17,17,1429,12.07843137254902,1424,6.045915916969534,4.0687488749972545,924,120.0,stall_limit,stall_limit,500
M-n200-k17,M,199,3,1341,1275.0,5.176470588235294,17,17,1370,7.450980392156863,801,3.606517750013154,1.4228006660123356,301,120.0,stall_limit,stall_limit,500
P-n45-k5,P,44,1,510,510.0,0.0,5,5,556,9.019607843137255,545,0.3848155830055475,0.042241458024363965,45,120.0,stall_limit,stall_limit,500
P-n45-k5,P,44,2,510,510.0,0.0,5,5,560,9.803921568627452,657,0.47097504197154194,0.09940800000913441,157,120.0,stall_limit,stall_limit,500
P-n45-k5,P,44,3,510,510.0,0.0,5,5,561,10.0,529,0.39368170901434496,0.034753834013827145,29,120.0,stall_limit,stall_limit,500
P-n65-k10,P,64,1,802,792.0,1.2626262626262625,10,10,840,6.0606060606060606,795,0.9121689170133322,0.31054716696962714,295,120.0,stall_limit,stall_limit,500
P-n65-k10,P,64,2,803,792.0,1.3888888888888888,10,10,837,5.681818181818182,637,0.8001201669685543,0.17103112500626594,137,120.0,stall_limit,stall_limit,500
P-n65-k10,P,64,3,806,792.0,1.7676767676767677,10,10,833,5.1767676767676765,1482,1.7682187089812942,1.178939958976116,982,120.0,stall_limit,stall_limit,500
P-n101-k4,P,100,1,684,681.0,0.44052863436123346,4,4,736,8.076358296622614,685,1.6543461249675602,0.4888480409863405,185,120.0,stall_limit,stall_limit,500
P-n101-k4,P,100,2,685,681.0,0.5873715124816447,4,4,706,3.671071953010279,772,1.9812628329964355,0.7025952910189517,272,120.0,stall_limit,stall_limit,500
P-n101-k4,P,100,3,682,681.0,0.14684287812041116,4,4,698,2.4963289280469896,993,2.350321375008207,1.0887290830141865,493,120.0,stall_limit,stall_limit,500
E-n33-k4,E,32,1,835,835.0,0.0,4,4,868,3.9520958083832336,1058,0.608046707988251,0.028625750041101128,58,120.0,stall_limit,stall_limit,1000
E-n33-k4,E,32,2,835,835.0,0.0,4,4,895,7.18562874251497,1128,0.6609177079517394,0.07051733299158514,128,120.0,stall_limit,stall_limit,1000
E-n33-k4,E,32,3,835,835.0,0.0,4,4,866,3.712574850299401,1185,0.6078326670103706,0.09033625002484769,185,120.0,stall_limit,stall_limit,1000
E-n76-k8,E,75,1,741,735.0,0.8163265306122449,8,8,766,4.217687074829932,1750,2.7663497919566,1.211646708950866,750,120.0,stall_limit,stall_limit,1000
E-n76-k8,E,75,2,744,735.0,1.2244897959183674,8,8,805,9.523809523809524,1111,1.7972048330120742,0.19348391599487513,111,120.0,stall_limit,stall_limit,1000
E-n76-k8,E,75,3,741,735.0,0.8163265306122449,8,8,790,7.482993197278912,1016,1.6071614589891396,0.039266834035515785,16,120.0,stall_limit,stall_limit,1000
E-n101-k14,E,100,1,1094,1067.0,2.5304592314901595,14,14,1130,5.904404873477039,2125,5.125721832970157,2.7596680829883553,1125,120.0,stall_limit,stall_limit,1000
E-n101-k14,E,100,2,1108,1067.0,3.8425492033739457,14,14,1128,5.716963448922212,1047,2.4571566249942407,0.11393104103626683,47,120.0,stall_limit,stall_limit,1000
E-n101-k14,E,100,3,1096,1067.0,2.717900656044986,14,14,1132,6.091846298031865,1701,4.072385833016597,1.6949520420166664,701,120.0,stall_limit,stall_limit,1000
F-n72-k4,F,71,1,237,237.0,0.0,4,4,250,5.485232067510548,1015,1.4231563339708373,0.020134624966885895,15,120.0,stall_limit,stall_limit,1000
F-n72-k4,F,71,2,237,237.0,0.0,4,4,264,11.39240506329114,1112,1.5170441250083968,0.17957145802211016,112,120.0,stall_limit,stall_limit,1000
F-n72-k4,F,71,3,237,237.0,0.0,4,4,264,11.39240506329114,1459,1.912339291011449,0.6279304579948075,459,120.0,stall_limit,stall_limit,1000
M-n121-k7,M,120,1,1038,1034.0,0.38684719535783363,7,7,1039,0.4835589941972921,1816,6.229666375031229,2.6940792499808595,816,120.0,stall_limit,stall_limit,1000
M-n121-k7,M,120,2,1038,1034.0,0.38684719535783363,7,7,1051,1.644100580270793,1652,5.546536959009245,1.9522415840183385,652,120.0,stall_limit,stall_limit,1000
M-n121-k7,M,120,3,1040,1034.0,0.5802707930367504,7,7,1049,1.4506769825918762,1598,5.446939208020922,2.0656447910005227,598,120.0,stall_limit,stall_limit,1000
M-n200-k17,M,199,1,1329,1275.0,4.235294117647059,17,17,1410,10.588235294117647,1688,7.136634625028819,2.9923624580260366,688,120.0,stall_limit,stall_limit,1000
M-n200-k17,M,199,2,1334,1275.0,4.627450980392157,17,17,1429,12.07843137254902,1924,8.598799834027886,4.227093624998815,924,120.0,stall_limit,stall_limit,1000
M-n200-k17,M,199,3,1335,1275.0,4.705882352941177,17,17,1370,7.450980392156863,2075,8.99214274995029,4.7589571249554865,1075,120.0,stall_limit,stall_limit,1000
P-n45-k5,P,44,1,510,510.0,0.0,5,5,556,9.019607843137255,1045,0.7482397080166265,0.037047000019811094,45,120.0,stall_limit,stall_limit,1000
P-n45-k5,P,44,2,510,510.0,0.0,5,5,560,9.803921568627452,1157,0.8272359999828041,0.12763295898912475,157,120.0,stall_limit,stall_limit,1000
P-n45-k5,P,44,3,510,510.0,0.0,5,5,561,10.0,1029,0.8343173750326969,0.020933167019393295,29,120.0,stall_limit,stall_limit,1000
P-n65-k10,P,64,1,802,792.0,1.2626262626262625,10,10,840,6.0606060606060606,1295,1.5484436249826103,0.33694020798429847,295,120.0,stall_limit,stall_limit,1000
P-n65-k10,P,64,2,803,792.0,1.3888888888888888,10,10,837,5.681818181818182,1137,1.3879360840073787,0.16939175000879914,137,120.0,stall_limit,stall_limit,1000
P-n65-k10,P,64,3,806,792.0,1.7676767676767677,10,10,833,5.1767676767676765,1982,2.507487249968108,1.1935947089805268,982,120.0,stall_limit,stall_limit,1000
P-n101-k4,P,100,1,684,681.0,0.44052863436123346,4,4,736,8.076358296622614,1185,3.0041760000167415,0.45826833305181935,185,120.0,stall_limit,stall_limit,1000
P-n101-k4,P,100,2,683,681.0,0.2936857562408223,4,4,706,3.671071953010279,2123,5.819993583019823,3.020651208003983,1123,120.0,stall_limit,stall_limit,1000
P-n101-k4,P,100,3,684,681.0,0.44052863436123346,4,4,698,2.4963289280469896,1063,2.6275284999865107,0.21636712498730049,63,120.0,stall_limit,stall_limit,1000
E-n33-k4,E,32,1,835,835.0,0.0,4,4,868,3.9520958083832336,2058,1.1159031249699183,0.0394034159835428,58,120.0,stall_limit,stall_limit,2000
E-n33-k4,E,32,2,835,835.0,0.0,4,4,895,7.18562874251497,2128,1.3294862500042655,0.09483445901423693,128,120.0,stall_limit,stall_limit,2000
E-n33-k4,E,32,3,835,835.0,0.0,4,4,866,3.712574850299401,2185,1.3591461249743588,0.11152679199585691,185,120.0,stall_limit,stall_limit,2000
E-n76-k8,E,75,1,741,735.0,0.8163265306122449,8,8,766,4.217687074829932,2750,4.85145920800278,1.3515540000516921,750,120.0,stall_limit,stall_limit,2000
E-n76-k8,E,75,2,740,735.0,0.6802721088435374,8,8,805,9.523809523809524,3937,6.741260458016768,3.391611416998785,1937,120.0,stall_limit,stall_limit,2000
E-n76-k8,E,75,3,741,735.0,0.8163265306122449,8,8,790,7.482993197278912,2016,3.558555540977977,0.04534650000277907,16,120.0,stall_limit,stall_limit,2000
E-n101-k14,E,100,1,1095,1067.0,2.624179943767573,14,14,1130,5.904404873477039,2193,5.431971792015247,0.4857543330290355,193,120.0,stall_limit,stall_limit,2000
E-n101-k14,E,100,2,1093,1067.0,2.436738519212746,14,14,1128,5.716963448922212,3549,8.931564665981568,3.908872166008223,1549,120.0,stall_limit,stall_limit,2000
E-n101-k14,E,100,3,1096,1067.0,2.717900656044986,14,14,1132,6.091846298031865,2701,6.744226083043031,1.821649375022389,701,120.0,stall_limit,stall_limit,2000
F-n72-k4,F,71,1,237,237.0,0.0,4,4,250,5.485232067510548,2015,3.0468047080212273,0.012567083002068102,15,120.0,stall_limit,stall_limit,2000
F-n72-k4,F,71,2,237,237.0,0.0,4,4,264,11.39240506329114,2112,2.9908138750470243,0.1729979999945499,112,120.0,stall_limit,stall_limit,2000
F-n72-k4,F,71,3,237,237.0,0.0,4,4,264,11.39240506329114,2459,3.588077249994967,0.6777504999772646,459,120.0,stall_limit,stall_limit,2000
M-n121-k7,M,120,1,1038,1034.0,0.38684719535783363,7,7,1039,0.4835589941972921,2816,9.548403416003566,2.704348708037287,816,120.0,stall_limit,stall_limit,2000
M-n121-k7,M,120,2,1036,1034.0,0.19342359767891681,7,7,1051,1.644100580270793,6466,21.989998542005196,14.910006749967579,4466,120.0,stall_limit,stall_limit,2000
M-n121-k7,M,120,3,1040,1034.0,0.5802707930367504,7,7,1049,1.4506769825918762,2598,8.928910707996693,2.0807926660054363,598,120.0,stall_limit,stall_limit,2000
M-n200-k17,M,199,1,1329,1275.0,4.235294117647059,17,17,1410,10.588235294117647,2688,11.507499333005399,2.9886614159913734,688,120.0,stall_limit,stall_limit,2000
M-n200-k17,M,199,2,1334,1275.0,4.627450980392157,17,17,1429,12.07843137254902,2924,12.722493416978978,4.090012458967976,924,120.0,stall_limit,stall_limit,2000
M-n200-k17,M,199,3,1320,1275.0,3.5294117647058822,17,17,1370,7.450980392156863,6744,29.62218083400512,20.601150708971545,4744,120.0,stall_limit,stall_limit,2000
P-n45-k5,P,44,1,510,510.0,0.0,5,5,556,9.019607843137255,2045,1.5235129579668865,0.027231749962083995,45,120.0,stall_limit,stall_limit,2000
P-n45-k5,P,44,2,510,510.0,0.0,5,5,560,9.803921568627452,2157,1.5176146250450984,0.12970229203347117,157,120.0,stall_limit,stall_limit,2000
P-n45-k5,P,44,3,510,510.0,0.0,5,5,561,10.0,2029,1.431355667009484,0.031348499993328005,29,120.0,stall_limit,stall_limit,2000
P-n65-k10,P,64,1,802,792.0,1.2626262626262625,10,10,840,6.0606060606060606,2295,2.766263458004687,0.31157858297228813,295,120.0,stall_limit,stall_limit,2000
P-n65-k10,P,64,2,796,792.0,0.5050505050505051,10,10,837,5.681818181818182,3604,4.4913602090091445,1.9701860000495799,1604,120.0,stall_limit,stall_limit,2000
P-n65-k10,P,64,3,803,792.0,1.3888888888888888,10,10,833,5.1767676767676765,4384,5.637567374971695,3.0646557089639828,2384,120.0,stall_limit,stall_limit,2000
P-n101-k4,P,100,1,682,681.0,0.14684287812041116,4,4,736,8.076358296622614,3806,9.537857332965359,4.495188499975484,1806,120.0,stall_limit,stall_limit,2000
P-n101-k4,P,100,2,682,681.0,0.14684287812041116,4,4,706,3.671071953010279,3008,7.643069332989398,2.6035702909575775,1008,120.0,stall_limit,stall_limit,2000
P-n101-k4,P,100,3,681,681.0,0.0,4,4,698,2.4963289280469896,3175,8.072318499966059,2.733955083996989,1175,120.0,stall_limit,stall_limit,2000
E-n33-k4,E,32,1,835,835.0,0.0,4,4,868,3.9520958083832336,5058,2.812205750029534,0.03293737501371652,58,120.0,stall_limit,stall_limit,5000
E-n33-k4,E,32,2,835,835.0,0.0,4,4,895,7.18562874251497,5128,2.8527537919580936,0.07231033296557143,128,120.0,stall_limit,stall_limit,5000
E-n33-k4,E,32,3,835,835.0,0.0,4,4,866,3.712574850299401,5185,2.9013157909503207,0.13201558298896998,185,120.0,stall_limit,stall_limit,5000
E-n76-k8,E,75,1,737,735.0,0.272108843537415,8,8,766,4.217687074829932,9441,15.058894957997836,7.034607707988471,4441,120.0,stall_limit,stall_limit,5000
E-n76-k8,E,75,2,736,735.0,0.1360544217687075,8,8,805,9.523809523809524,6997,10.942937083018478,3.1699710420216434,1997,120.0,stall_limit,stall_limit,5000
E-n76-k8,E,75,3,737,735.0,0.272108843537415,8,8,790,7.482993197278912,12141,19.627530041965656,11.393371874990407,7141,120.0,stall_limit,stall_limit,5000
E-n101-k14,E,100,1,1094,1067.0,2.5304592314901595,14,14,1130,5.904404873477039,6125,14.609631500032265,2.7050602080416866,1125,120.0,stall_limit,stall_limit,5000
E-n101-k14,E,100,2,1093,1067.0,2.436738519212746,14,14,1128,5.716963448922212,6549,15.69227087503532,3.7408591670100577,1549,120.0,stall_limit,stall_limit,5000
E-n101-k14,E,100,3,1073,1067.0,0.5623242736644799,14,14,1132,6.091846298031865,21204,50.29083933396032,38.938906291965395,16204,120.0,stall_limit,stall_limit,5000
F-n72-k4,F,71,1,237,237.0,0.0,4,4,250,5.485232067510548,5015,6.995167666987982,0.012659957981668413,15,120.0,stall_limit,stall_limit,5000
F-n72-k4,F,71,2,237,237.0,0.0,4,4,264,11.39240506329114,5112,6.89364383299835,0.13458675000583753,112,120.0,stall_limit,stall_limit,5000
F-n72-k4,F,71,3,237,237.0,0.0,4,4,264,11.39240506329114,5459,7.6309726249892265,0.7072426250088029,459,120.0,stall_limit,stall_limit,5000
M-n121-k7,M,120,1,1037,1034.0,0.2901353965183752,7,7,1039,0.4835589941972921,10373,34.12341587501578,18.499455333978403,5373,120.0,stall_limit,stall_limit,5000
M-n121-k7,M,120,2,1036,1034.0,0.19342359767891681,7,7,1051,1.644100580270793,9466,31.94099383399589,15.051810125005431,4466,120.0,stall_limit,stall_limit,5000
M-n121-k7,M,120,3,1036,1034.0,0.19342359767891681,7,7,1049,1.4506769825918762,17473,57.79665058298269,41.394460165989585,12473,120.0,stall_limit,stall_limit,5000
M-n200-k17,M,199,1,1286,1275.0,0.8627450980392157,17,17,1410,10.588235294117647,26707,120.00600866699824,105.73154691699892,23604,120.0,time_limit,stall_limit,5000
M-n200-k17,M,199,2,1292,1275.0,1.3333333333333333,17,17,1429,12.07843137254902,27507,120.00548341602553,100.36008195800241,22981,120.0,time_limit,stall_limit,5000
M-n200-k17,M,199,3,1280,1275.0,0.39215686274509803,17,17,1370,7.450980392156863,26848,120.000489500002,106.83309504203498,24129,120.0,time_limit,stall_limit,5000
P-n45-k5,P,44,1,510,510.0,0.0,5,5,556,9.019607843137255,5045,3.6479132089880295,0.029927499999757856,45,120.0,stall_limit,stall_limit,5000
P-n45-k5,P,44,2,510,510.0,0.0,5,5,560,9.803921568627452,5157,3.6977177090011537,0.1266897920286283,157,120.0,stall_limit,stall_limit,5000
P-n45-k5,P,44,3,510,510.0,0.0,5,5,561,10.0,5029,3.7147730420110747,0.0270615000044927,29,120.0,stall_limit,stall_limit,5000
P-n65-k10,P,64,1,796,792.0,0.5050505050505051,10,10,840,6.0606060606060606,9919,11.384982874966227,6.308157583000138,4919,120.0,stall_limit,stall_limit,5000
P-n65-k10,P,64,2,796,792.0,0.5050505050505051,10,10,837,5.681818181818182,6604,7.722797249967698,2.0761651669745333,1604,120.0,stall_limit,stall_limit,5000
P-n65-k10,P,64,3,792,792.0,0.0,10,10,833,5.1767676767676765,16541,18.891192165960092,13.203626290953252,11541,120.0,stall_limit,stall_limit,5000
P-n101-k4,P,100,1,681,681.0,0.0,4,4,736,8.076358296622614,7930,17.685976874956395,6.536052082956303,2930,120.0,stall_limit,stall_limit,5000
P-n101-k4,P,100,2,681,681.0,0.0,4,4,706,3.671071953010279,8967,20.583035374991596,9.19208708399674,3967,120.0,stall_limit,stall_limit,5000
P-n101-k4,P,100,3,681,681.0,0.0,4,4,698,2.4963289280469896,9560,22.49566912499722,10.299470917030703,4560,120.0,stall_limit,stall_limit,5000
E-n33-k4,E,32,1,835,835.0,0.0,4,4,868,3.9520958083832336,10058,5.251677833031863,0.018476750003173947,58,120.0,stall_limit,stall_limit,10000
E-n33-k4,E,32,2,835,835.0,0.0,4,4,895,7.18562874251497,10128,4.996271667012479,0.07274674996733665,128,120.0,stall_limit,stall_limit,10000
E-n33-k4,E,32,3,835,835.0,0.0,4,4,866,3.712574850299401,10185,5.640606332977768,0.09600320796016604,185,120.0,stall_limit,stall_limit,10000
E-n76-k8,E,75,1,737,735.0,0.272108843537415,8,8,766,4.217687074829932,16045,23.9446655830252,9.462064750026911,6045,120.0,stall_limit,stall_limit,10000
E-n76-k8,E,75,2,737,735.0,0.272108843537415,8,8,805,9.523809523809524,12357,18.221335167007055,3.741946291993372,2357,120.0,stall_limit,stall_limit,10000
E-n76-k8,E,75,3,737,735.0,0.272108843537415,8,8,790,7.482993197278912,16704,25.565490416018292,10.606277165992651,6704,120.0,stall_limit,stall_limit,10000
E-n101-k14,E,100,1,1077,1067.0,0.9372071227741331,14,14,1130,5.904404873477039,18624,43.47004550002748,20.484509582980536,8624,120.0,stall_limit,stall_limit,10000
E-n101-k14,E,100,2,1067,1067.0,0.0,14,14,1128,5.716963448922212,33990,75.87093054200523,52.01429341698531,23990,120.0,stall_limit,stall_limit,10000
E-n101-k14,E,100,3,1068,1067.0,0.09372071227741331,14,14,1132,6.091846298031865,43790,100.05771104199812,76.67903624998871,33790,120.0,stall_limit,stall_limit,10000
F-n72-k4,F,71,1,237,237.0,0.0,4,4,250,5.485232067510548,10015,13.033814750029705,0.013295875047333539,15,120.0,stall_limit,stall_limit,10000
F-n72-k4,F,71,2,237,237.0,0.0,4,4,264,11.39240506329114,10112,13.044312125013676,0.17614679102553055,112,120.0,stall_limit,stall_limit,10000
F-n72-k4,F,71,3,237,237.0,0.0,4,4,264,11.39240506329114,10459,13.95430766697973,0.672902999969665,459,120.0,stall_limit,stall_limit,10000
M-n121-k7,M,120,1,1036,1034.0,0.19342359767891681,7,7,1039,0.4835589941972921,18423,58.599483750003856,26.227912416972686,8423,120.0,stall_limit,stall_limit,10000
M-n121-k7,M,120,2,1035,1034.0,0.09671179883945841,7,7,1051,1.644100580270793,29609,94.3003587090061,62.950323416967876,19609,120.0,stall_limit,stall_limit,10000
M-n121-k7,M,120,3,1036,1034.0,0.19342359767891681,7,7,1049,1.4506769825918762,14837,46.75037833303213,15.122544458019547,4837,120.0,stall_limit,stall_limit,10000
M-n200-k17,M,199,1,1296,1275.0,1.6470588235294117,17,17,1410,10.588235294117647,27829,120.01624299999094,93.25423629197758,22172,120.0,time_limit,stall_limit,10000
M-n200-k17,M,199,2,1291,1275.0,1.2549019607843137,17,17,1429,12.07843137254902,27106,120.01134575001197,95.38608045800356,21893,120.0,time_limit,stall_limit,10000
M-n200-k17,M,199,3,1279,1275.0,0.3137254901960784,17,17,1370,7.450980392156863,27560,120.00205166597152,104.17107304098317,24338,120.0,time_limit,stall_limit,10000
P-n45-k5,P,44,1,510,510.0,0.0,5,5,556,9.019607843137255,10045,6.126733666984364,0.02894608402857557,45,120.0,stall_limit,stall_limit,10000
P-n45-k5,P,44,2,510,510.0,0.0,5,5,560,9.803921568627452,10157,7.045135541004129,0.08680150000145659,157,120.0,stall_limit,stall_limit,10000
P-n45-k5,P,44,3,510,510.0,0.0,5,5,561,10.0,10029,6.91470229101833,0.03485254099359736,29,120.0,stall_limit,stall_limit,10000
P-n65-k10,P,64,1,792,792.0,0.0,10,10,840,6.0606060606060606,14296,16.191775083018,4.87095054105157,4296,120.0,stall_limit,stall_limit,10000
P-n65-k10,P,64,2,796,792.0,0.5050505050505051,10,10,837,5.681818181818182,10674,11.55743587500183,0.8649151250137947,674,120.0,stall_limit,stall_limit,10000
P-n65-k10,P,64,3,792,792.0,0.0,10,10,833,5.1767676767676765,19657,21.812081166019198,10.356235624989495,9657,120.0,stall_limit,stall_limit,10000
P-n101-k4,P,100,1,681,681.0,0.0,4,4,736,8.076358296622614,12930,27.799297165998723,5.959224833000917,2930,120.0,stall_limit,stall_limit,10000
P-n101-k4,P,100,2,681,681.0,0.0,4,4,706,3.671071953010279,16815,36.52064145903569,14.571821417019237,6815,120.0,stall_limit,stall_limit,10000
P-n101-k4,P,100,3,681,681.0,0.0,4,4,698,2.4963289280469896,20280,44.145859292009845,22.316700334020425,10280,120.0,stall_limit,stall_limit,10000
E-n33-k4,E,32,1,835,835.0,0.0,4,4,868,3.9520958083832336,20058,10.624594457971398,0.02622454200172797,58,120.0,stall_limit,stall_limit,20000
E-n33-k4,E,32,2,835,835.0,0.0,4,4,895,7.18562874251497,20128,10.430645457992796,0.06463575002271682,128,120.0,stall_limit,stall_limit,20000
E-n33-k4,E,32,3,835,835.0,0.0,4,4,866,3.712574850299401,20185,10.349052125005983,0.09127458301372826,185,120.0,stall_limit,stall_limit,20000
E-n76-k8,E,75,1,735,735.0,0.0,8,8,766,4.217687074829932,52871,77.7602471249993,47.929579707968514,32871,120.0,stall_limit,stall_limit,20000
E-n76-k8,E,75,2,736,735.0,0.1360544217687075,8,8,805,9.523809523809524,21997,31.293400583032053,2.9357417080318555,1997,120.0,stall_limit,stall_limit,20000
E-n76-k8,E,75,3,735,735.0,0.0,8,8,790,7.482993197278912,55613,81.90707429201575,51.56480770802591,35613,120.0,stall_limit,stall_limit,20000
E-n101-k14,E,100,1,1067,1067.0,0.0,14,14,1130,5.904404873477039,51133,116.79159262502799,69.76530191703932,31133,120.0,stall_limit,stall_limit,20000
E-n101-k14,E,100,2,1070,1067.0,0.28116213683223995,14,14,1128,5.716963448922212,51990,120.00066691695247,118.26603087497642,51199,120.0,time_limit,stall_limit,20000
E-n101-k14,E,100,3,1067,1067.0,0.0,14,14,1132,6.091846298031865,47489,108.57277145801345,62.0279164169915,27489,120.0,stall_limit,stall_limit,20000
F-n72-k4,F,71,1,237,237.0,0.0,4,4,250,5.485232067510548,20015,25.833030500041787,0.016039291047491133,15,120.0,stall_limit,stall_limit,20000
F-n72-k4,F,71,2,237,237.0,0.0,4,4,264,11.39240506329114,20112,26.751065249962267,0.1552851659944281,112,120.0,stall_limit,stall_limit,20000
F-n72-k4,F,71,3,237,237.0,0.0,4,4,264,11.39240506329114,20459,26.807589875010308,0.6129409160348587,459,120.0,stall_limit,stall_limit,20000
M-n121-k7,M,120,1,1035,1034.0,0.09671179883945841,7,7,1039,0.4835589941972921,33743,108.88048116699792,46.31309395900462,13743,120.0,stall_limit,stall_limit,20000
M-n121-k7,M,120,2,1036,1034.0,0.19342359767891681,7,7,1051,1.644100580270793,31514,99.12307962501654,37.391053959028795,11514,120.0,stall_limit,stall_limit,20000
M-n121-k7,M,120,3,1035,1034.0,0.09671179883945841,7,7,1049,1.4506769825918762,36871,110.34946154203499,54.7411572500132,16871,120.0,stall_limit,stall_limit,20000
M-n200-k17,M,199,1,1294,1275.0,1.4901960784313726,17,17,1410,10.588235294117647,31608,120.00528245797614,79.79012554197107,18885,120.0,time_limit,stall_limit,20000
M-n200-k17,M,199,2,1280,1275.0,0.39215686274509803,17,17,1429,12.07843137254902,32251,120.00506570795551,98.84506087499904,24444,120.0,time_limit,stall_limit,20000
M-n200-k17,M,199,3,1279,1275.0,0.3137254901960784,17,17,1370,7.450980392156863,31940,120.00275745801628,88.47769233299186,21276,120.0,time_limit,stall_limit,20000
P-n45-k5,P,44,1,510,510.0,0.0,5,5,556,9.019607843137255,20045,12.851841749972664,0.0314658330171369,45,120.0,stall_limit,stall_limit,20000
P-n45-k5,P,44,2,510,510.0,0.0,5,5,560,9.803921568627452,20157,14.33209420798812,0.09196166699985042,157,120.0,stall_limit,stall_limit,20000
P-n45-k5,P,44,3,510,510.0,0.0,5,5,561,10.0,20029,12.824128624983132,0.027489874977618456,29,120.0,stall_limit,stall_limit,20000
P-n65-k10,P,64,1,792,792.0,0.0,10,10,840,6.0606060606060606,24296,26.166635250032414,4.806206291017588,4296,120.0,stall_limit,stall_limit,20000
P-n65-k10,P,64,2,792,792.0,0.0,10,10,837,5.681818181818182,36991,40.23253045795718,17.969167540955823,16991,120.0,stall_limit,stall_limit,20000
P-n65-k10,P,64,3,792,792.0,0.0,10,10,833,5.1767676767676765,26248,29.519994625006802,6.897282667050604,6248,120.0,stall_limit,stall_limit,20000
P-n101-k4,P,100,1,681,681.0,0.0,4,4,736,8.076358296622614,22930,43.53150500002084,6.25204037502408,2930,120.0,stall_limit,stall_limit,20000
P-n101-k4,P,100,2,681,681.0,0.0,4,4,706,3.671071953010279,25049,42.92968420800753,11.5401263749809,5049,120.0,stall_limit,stall_limit,20000
P-n101-k4,P,100,3,681,681.0,0.0,4,4,698,2.4963289280469896,21175,35.79287887504324,2.7681544170482084,1175,120.0,stall_limit,stall_limit,20000
